,AUD,BEF,CHF,DEM,DKK,ESP,FRF,GBP,ITL,NLG,SEK
04-Jan-94 ,0.6849,0.0277,0.6725,0.5757,0.1476,0.0070,0.1693,1.4840,0.0006,0.5145,0.1210
05-Jan-94 ,0.6862,0.0276,0.6754,0.5745,0.1479,0.0069,0.1693,1.4875,0.0006,0.5139,0.1217
06-Jan-94 ,0.6844,0.0277,0.6754,0.5739,0.1479,0.0069,0.1690,1.4850,0.0006,0.5135,0.1216
07-Jan-94 ,0.6864,0.0278,0.6799,0.5775,0.1486,0.0069,0.1697,1.4905,0.0006,0.5164,0.1227
10-Jan-94 ,0.6865,0.0276,0.6791,0.5766,0.1485,0.0069,0.1692,1.4920,0.0006,0.5153,0.1227
11-Jan-94 ,0.6904,0.0276,0.6768,0.5750,0.1480,0.0069,0.1690,1.4910,0.0006,0.5130,0.1221
12-Jan-94 ,0.6905,0.0277,0.6821,0.5764,0.1488,0.0069,0.1695,1.5020,0.0006,0.5150,0.1226
13-Jan-94 ,0.6915,0.0274,0.6769,0.5713,0.1475,0.0069,0.1683,1.4970,0.0006,0.5101,0.1222
14-Jan-94 ,0.6900,0.0274,0.6757,0.5711,0.1476,0.0069,0.1683,1.4915,0.0006,0.5102,0.1220
17-Jan-94 ,0.6950,0.0274,0.6759,0.5698,0.1471,0.0070,0.1680,1.4920,0.0006,0.5091,0.1231
18-Jan-94 ,0.6966,0.0275,0.6831,0.5728,0.1475,0.0070,0.1686,1.4965,0.0006,0.5115,0.1237
19-Jan-94 ,0.7015,0.0275,0.6847,0.5726,0.1474,0.0070,0.1685,1.4915,0.0006,0.5114,0.1232
20-Jan-94 ,0.7038,0.0276,0.6880,0.5757,0.1480,0.0070,0.1693,1.5005,0.0006,0.5140,0.1236
21-Jan-94 ,0.7027,0.0275,0.6828,0.5722,0.1473,0.0070,0.1686,1.4955,0.0006,0.5108,0.1240
24-Jan-94 ,0.7030,0.0274,0.6828,0.5713,0.1472,0.0070,0.1684,1.4945,0.0006,0.5102,0.1242
25-Jan-94 ,0.7080,0.0276,0.6798,0.5701,0.1470,0.0071,0.1683,1.4930,0.0006,0.5093,0.1246
26-Jan-94 ,0.7085,0.0277,0.6798,0.5726,0.1474,0.0071,0.1687,1.4940,0.0006,0.5114,0.1255
27-Jan-94 ,0.7095,0.0278,0.6798,0.5729,0.1476,0.0071,0.1688,1.4940,0.0006,0.5114,0.1255
28-Jan-94 ,0.7089,0.0279,0.6842,0.5771,0.1485,0.0071,0.1696,1.5000,0.0006,0.5151,0.1259
31-Jan-94 ,0.7087,0.0279,0.6836,0.5745,0.1481,0.0071,0.1693,1.5005,0.0006,0.5129,0.1265
01-Feb-94 ,0.7168,0.0280,0.6894,0.5769,0.1488,0.0071,0.1702,1.5020,0.0006,0.5156,0.1269
02-Feb-94 ,0.7155,0.0279,0.6887,0.5767,0.1486,0.0071,0.1699,1.4957,0.0006,0.5148,0.1263
03-Feb-94 ,0.7155,0.0279,0.6896,0.5759,0.1482,0.0071,0.1696,1.4940,0.0006,0.5137,0.1268
04-Feb-94 ,0.7148,0.0273,0.6863,0.5711,0.1472,0.0071,0.1684,1.4795,0.0006,0.5106,0.1264
07-Feb-94 ,0.7150,0.0276,0.6798,0.5678,0.1464,0.0070,0.1675,1.4825,0.0006,0.5074,0.1254
08-Feb-94 ,0.7185,0.0275,0.6762,0.5674,0.1460,0.0070,0.1673,1.4725,0.0006,0.5063,0.1245
09-Feb-94 ,0.7180,0.0276,0.6775,0.5688,0.1462,0.0070,0.1677,1.4625,0.0006,0.5080,0.1246
10-Feb-94 ,0.7180,0.0277,0.6766,0.5701,0.1462,0.0070,0.1679,1.4625,0.0006,0.5090,0.1238
11-Feb-94 ,0.7150,0.0277,0.6768,0.5707,0.1464,0.0070,0.1680,1.4650,0.0006,0.5090,0.1238
14-Feb-94 ,0.7120,0.0279,0.6801,0.5737,0.1472,0.0071,0.1689,1.4710,0.0006,0.5119,0.1242
15-Feb-94 ,0.7092,0.0281,0.6880,0.5790,0.1477,0.0071,0.1700,1.4750,0.0006,0.5161,0.1243
16-Feb-94 ,0.7115,0.0282,0.6875,0.5802,0.1481,0.0071,0.1703,1.4760,0.0006,0.5172,0.1244
17-Feb-94 ,0.7153,0.0281,0.6866,0.5782,0.1483,0.0071,0.1702,1.4777,0.0006,0.5150,0.1256
18-Feb-94 ,0.7140,0.0282,0.6894,0.5821,0.1489,0.0071,0.1712,1.4795,0.0006,0.5184,0.1263
21-Feb-94 ,0.7148,0.0281,0.6860,0.5779,0.1480,0.0071,0.1700,1.4740,0.0006,0.5150,0.1254
22-Feb-94 ,0.7195,0.0282,0.6896,0.5796,0.1486,0.0071,0.1705,1.4785,0.0006,0.5168,0.1263
23-Feb-94 ,0.7257,0.0281,0.6881,0.5786,0.1481,0.0071,0.1703,1.4755,0.0006,0.5153,0.1259
24-Feb-94 ,0.7240,0.0282,0.6949,0.5814,0.1485,0.0072,0.1710,1.4850,0.0006,0.5180,0.1256
25-Feb-94 ,0.7215,0.0284,0.7001,0.5851,0.1495,0.0072,0.1721,1.4870,0.0006,0.5210,0.1250
28-Feb-94 ,0.7125,0.0286,0.7020,0.5874,0.1499,0.0072,0.1728,1.4885,0.0006,0.5229,0.1255
01-Mar-94 ,0.7147,0.0284,0.6952,0.5840,0.1492,0.0071,0.1716,1.4855,0.0006,0.5187,0.1245
02-Mar-94 ,0.7061,0.0285,0.7005,0.5874,0.1496,0.0072,0.1724,1.4950,0.0006,0.5233,0.1247
03-Mar-94 ,0.7062,0.0284,0.6984,0.5857,0.1498,0.0072,0.1723,1.4970,0.0006,0.5216,0.1251
04-Mar-94 ,0.7144,0.0283,0.6945,0.5821,0.1492,0.0071,0.1713,1.4895,0.0006,0.5185,0.1248
07-Mar-94 ,0.7190,0.0283,0.6952,0.5822,0.1491,0.0071,0.1713,1.4910,0.0006,0.5187,0.1250
08-Mar-94 ,0.7170,0.0283,0.6952,0.5827,0.1473,0.0071,0.1715,1.4875,0.0006,0.5188,0.1249
09-Mar-94 ,0.7145,0.0284,0.6964,0.5858,0.1500,0.0071,0.1721,1.4920,0.0006,0.5212,0.1251
10-Mar-94 ,0.7085,0.0288,0.7040,0.5927,0.1517,0.0072,0.1739,1.5005,0.0006,0.5275,0.1266
11-Mar-94 ,0.7105,0.0289,0.7054,0.5963,0.1526,0.0072,0.1751,1.5010,0.0006,0.5305,0.1278
14-Mar-94 ,0.7187,0.0287,0.6957,0.5914,0.1516,0.0072,0.1741,1.4945,0.0006,0.5266,0.1273
15-Mar-94 ,0.7179,0.0287,0.6951,0.5901,0.1512,0.0072,0.1736,1.4925,0.0006,0.5253,0.1270
16-Mar-94 ,0.7125,0.0287,0.6981,0.5923,0.1516,0.0072,0.1740,1.4935,0.0006,0.5272,0.1294
17-Mar-94 ,0.7128,0.0288,0.6978,0.5938,0.1516,0.0072,0.1742,1.4945,0.0006,0.5282,0.1277
18-Mar-94 ,0.7125,0.0287,0.6966,0.5914,0.1508,0.0072,0.1735,1.4930,0.0006,0.5261,0.1273
21-Mar-94 ,0.7095,0.0286,0.6959,0.5891,0.1502,0.0072,0.1727,1.4840,0.0006,0.5238,0.1267
22-Mar-94 ,0.7090,0.0287,0.6990,0.5924,0.1508,0.0072,0.1733,1.4865,0.0006,0.5268,0.1270
23-Mar-94 ,0.7105,0.0288,0.7010,0.5940,0.1511,0.0072,0.1738,1.4945,0.0006,0.5277,0.1272
24-Mar-94 ,0.7095,0.0290,0.7052,0.5997,0.1521,0.0073,0.1751,1.4945,0.0006,0.5329,0.1273
25-Mar-94 ,0.7120,0.0291,0.7062,0.6002,0.1521,0.0073,0.1751,1.4980,0.0006,0.5335,0.1268
28-Mar-94 ,0.7110,0.0291,0.7035,0.5985,0.1519,0.0073,0.1749,1.4970,0.0006,0.5320,0.1268
29-Mar-94 ,0.7045,0.0290,0.7015,0.5972,0.1515,0.0073,0.1745,1.4855,0.0006,0.5309,0.1265
30-Mar-94 ,0.6990,0.0290,0.7067,0.5974,0.1518,0.0073,0.1747,1.4825,0.0006,0.5315,0.1272
31-Mar-94 ,0.7010,0.0291,0.7092,0.5997,0.1524,0.0074,0.1755,1.4885,0.0006,0.5338,0.1279
04-Apr-94 ,0.7055,0.0286,0.7005,0.5893,0.1499,0.0072,0.1725,1.4680,0.0006,0.5243,0.1263
05-Apr-94 ,0.7042,0.0284,0.6927,0.5845,0.1488,0.0072,0.1711,1.4620,0.0006,0.5208,0.1250
06-Apr-94 ,0.7045,0.0283,0.6904,0.5831,0.1487,0.0072,0.1704,1.4695,0.0006,0.5196,0.1259
07-Apr-94 ,0.7132,0.0282,0.6894,0.5819,0.1486,0.0072,0.1700,1.4685,0.0006,0.5186,0.1264
08-Apr-94 ,0.7242,0.0284,0.6930,0.5844,0.1492,0.0072,0.1706,1.4765,0.0006,0.5206,0.1267
11-Apr-94 ,0.7225,0.0284,0.6938,0.5843,0.1493,0.0072,0.1707,1.4715,0.0006,0.5204,0.1268
12-Apr-94 ,0.7240,0.0283,0.6894,0.5812,0.1487,0.0072,0.1701,1.4745,0.0006,0.5182,0.1265
13-Apr-94 ,0.7215,0.0284,0.6939,0.5845,0.1492,0.0072,0.1708,1.4775,0.0006,0.5205,0.1263
14-Apr-94 ,0.7235,0.0285,0.6923,0.5851,0.1493,0.0072,0.1711,1.4770,0.0006,0.5213,0.1264
15-Apr-94 ,0.7235,0.0283,0.6880,0.5840,0.1490,0.0072,0.1707,1.4740,0.0006,0.5202,0.1262
18-Apr-94 ,0.7177,0.0282,0.6868,0.5817,0.1484,0.0071,0.1700,1.4725,0.0006,0.5183,0.1262
19-Apr-94 ,0.7150,0.0286,0.6935,0.5881,0.1498,0.0072,0.1714,1.4780,0.0006,0.5239,0.1262
20-Apr-94 ,0.7164,0.0286,0.6944,0.5898,0.1504,0.0072,0.1718,1.4855,0.0006,0.5251,0.1263
21-Apr-94 ,0.7135,0.0287,0.6972,0.5917,0.1509,0.0073,0.1726,1.4945,0.0006,0.5262,0.1269
22-Apr-94 ,0.7184,0.0287,0.6954,0.5905,0.1505,0.0072,0.1722,1.4880,0.0006,0.5255,0.1269
25-Apr-94 ,0.7170,0.0289,0.6983,0.5957,0.1517,0.0073,0.1735,1.4915,0.0006,0.5302,0.1273
26-Apr-94 ,0.7206,0.0289,0.6981,0.5958,0.1516,0.0073,0.1735,1.5035,0.0006,0.5300,0.1277
27-Apr-94 ,0.7159,0.0291,0.7023,0.5985,0.1521,0.0073,0.1743,1.5065,0.0006,0.5327,0.1285
28-Apr-94 ,0.7125,0.0291,0.7040,0.5999,0.1527,0.0073,0.1750,1.5075,0.0006,0.5342,0.1293
29-Apr-94 ,0.7139,0.0293,0.7092,0.6022,0.1537,0.0074,0.1760,1.5135,0.0006,0.5371,0.1307
02-May-94 ,0.7119,0.0294,0.7146,0.6074,0.1551,0.0074,0.1774,1.5185,0.0006,0.5403,0.1317
03-May-94 ,0.7064,0.0296,0.7143,0.6098,0.1557,0.0074,0.1779,1.5130,0.0006,0.5427,0.1317
04-May-94 ,0.7119,0.0293,0.7089,0.6026,0.1542,0.0073,0.1760,1.4995,0.0006,0.5372,0.1302
05-May-94 ,0.7150,0.0292,0.7059,0.6003,0.1533,0.0073,0.1751,1.4980,0.0006,0.5343,0.1296
06-May-94 ,0.7162,0.0292,0.7072,0.6015,0.1536,0.0073,0.1754,1.4940,0.0006,0.5355,0.1300
09-May-94 ,0.7190,0.0294,0.7082,0.6048,0.1545,0.0073,0.1765,1.4975,0.0006,0.5387,0.1303
10-May-94 ,0.7245,0.0291,0.6993,0.5983,0.1531,0.0073,0.1746,1.4910,0.0006,0.5330,0.1291
11-May-94 ,0.7220,0.0291,0.7005,0.5986,0.1530,0.0072,0.1745,1.4910,0.0006,0.5331,0.1292
12-May-94 ,0.7175,0.0291,0.7013,0.5995,0.1533,0.0073,0.1749,1.5000,0.0006,0.5342,0.1293
13-May-94 ,0.7225,0.0291,0.7013,0.5990,0.1532,0.0072,0.1746,1.4990,0.0006,0.5344,0.1291
16-May-94 ,0.7261,0.0290,0.7013,0.5975,0.1527,0.0072,0.1742,1.5030,0.0006,0.5320,0.1284
17-May-94 ,0.7276,0.0291,0.7060,0.6004,0.1533,0.0073,0.1751,1.5065,0.0006,0.5346,0.1293
18-May-94 ,0.7281,0.0293,0.7104,0.6037,0.1541,0.0073,0.1763,1.5085,0.0006,0.5377,0.1300
19-May-94 ,0.7289,0.0294,0.7094,0.6046,0.1544,0.0073,0.1767,1.5080,0.0006,0.5384,0.1300
20-May-94 ,0.7290,0.0295,0.7117,0.6073,0.1553,0.0074,0.1776,1.5095,0.0006,0.5413,0.1304
24-May-94 ,0.7358,0.0294,0.7075,0.6048,0.1544,0.0074,0.1768,1.5055,0.0006,0.5391,0.1291
25-May-94 ,0.7345,0.0296,0.7134,0.6079,0.1553,0.0074,0.1778,1.5100,0.0006,0.5423,0.1287
26-May-94 ,0.7325,0.0296,0.7125,0.6085,0.1554,0.0074,0.1781,1.5110,0.0006,0.5426,0.1291
27-May-94 ,0.7330,0.0295,0.7130,0.6084,0.1554,0.0074,0.1780,1.5095,0.0006,0.5426,0.1296
30-May-94 ,0.7345,0.0295,0.7122,0.6071,0.1551,0.0074,0.1776,1.5090,0.0006,0.5419,0.1290
31-May-94 ,0.7385,0.0295,0.7128,0.6081,0.1551,0.0074,0.1779,1.5120,0.0006,0.5421,0.1283
01-Jun-94 ,0.7410,0.0295,0.7138,0.6081,0.1547,0.0074,0.1778,1.5175,0.0006,0.5423,0.1270
02-Jun-94 ,0.7380,0.0294,0.7120,0.6049,0.1542,0.0073,0.1771,1.5110,0.0006,0.5398,0.1274
03-Jun-94 ,0.7380,0.0292,0.7060,0.5991,0.1529,0.0073,0.1756,1.5060,0.0006,0.5351,0.1268
06-Jun-94 ,0.7346,0.0291,0.7072,0.5997,0.1532,0.0073,0.1758,1.5090,0.0006,0.5351,0.1268
07-Jun-94 ,0.7332,0.0291,0.7082,0.6000,0.1532,0.0073,0.1755,1.5080,0.0006,0.5349,0.1261
08-Jun-94 ,0.7339,0.0291,0.7080,0.5986,0.1531,0.0073,0.1758,1.5070,0.0006,0.5340,0.1259
09-Jun-94 ,0.7353,0.0290,0.7067,0.5970,0.1530,0.0073,0.1756,1.5065,0.0006,0.5331,0.1259
10-Jun-94 ,0.7342,0.0292,0.7112,0.6002,0.1539,0.0073,0.1766,1.5085,0.0006,0.5360,0.1265
13-Jun-94 ,0.7360,0.0295,0.7207,0.6075,0.1552,0.0074,0.1780,1.5205,0.0006,0.5420,0.1267
14-Jun-94 ,0.7295,0.0295,0.7225,0.6085,0.1555,0.0074,0.1782,1.5185,0.0006,0.5432,0.1267
15-Jun-94 ,0.7315,0.0297,0.7278,0.6113,0.1563,0.0074,0.1791,1.5200,0.0006,0.5458,0.1273
16-Jun-94 ,0.7310,0.0298,0.7291,0.6127,0.1564,0.0074,0.1796,1.5205,0.0006,0.5469,0.1272
17-Jun-94 ,0.7330,0.0300,0.7358,0.6196,0.1573,0.0075,0.1812,1.5300,0.0006,0.5509,0.1288
20-Jun-94 ,0.7382,0.0303,0.7410,0.6257,0.1592,0.0075,0.1829,1.5385,0.0006,0.5576,0.1295
21-Jun-94 ,0.7439,0.0305,0.7441,0.6276,0.1595,0.0075,0.1835,1.5405,0.0006,0.5601,0.1304
22-Jun-94 ,0.7392,0.0302,0.7399,0.6229,0.1585,0.0075,0.1821,1.5315,0.0006,0.5553,0.1297
23-Jun-94 ,0.7330,0.0303,0.7419,0.6248,0.1590,0.0075,0.1827,1.5415,0.0006,0.5573,0.1301
24-Jun-94 ,0.7287,0.0305,0.7521,0.6305,0.1601,0.0076,0.1839,1.5520,0.0006,0.5610,0.1312
27-Jun-94 ,0.7210,0.0308,0.7564,0.6337,0.1613,0.0077,0.1850,1.5500,0.0006,0.5651,0.1317
28-Jun-94 ,0.7225,0.0307,0.7527,0.6325,0.1611,0.0077,0.1845,1.5510,0.0006,0.5640,0.1315
29-Jun-94 ,0.7250,0.0306,0.7510,0.6315,0.1607,0.0077,0.1841,1.5465,0.0006,0.5627,0.1308
30-Jun-94 ,0.7302,0.0306,0.7510,0.6319,0.1608,0.0076,0.1835,1.5495,0.0006,0.5613,0.1306
04-Jul-94 ,0.7295,0.0304,0.7465,0.6264,0.1596,0.0076,0.1828,1.5380,0.0006,0.5588,0.1281
05-Jul-94 ,0.7265,0.0306,0.7528,0.6315,0.1608,0.0077,0.1843,1.5415,0.0006,0.5630,0.1278
06-Jul-94 ,0.7260,0.0308,0.7570,0.6373,0.1620,0.0077,0.1855,1.5505,0.0006,0.5679,0.1276
07-Jul-94 ,0.7285,0.0307,0.7553,0.6360,0.1618,0.0077,0.1852,1.5420,0.0006,0.5672,0.1278
08-Jul-94 ,0.7290,0.0307,0.7576,0.6386,0.1622,0.0077,0.1860,1.5460,0.0006,0.5700,0.1290
11-Jul-94 ,0.7320,0.0316,0.7722,0.6513,0.1654,0.0079,0.1895,1.5645,0.0007,0.5804,0.1312
12-Jul-94 ,0.7355,0.0319,0.7785,0.6571,0.1671,0.0080,0.1915,1.5720,0.0007,0.5858,0.1331
13-Jul-94 ,0.7375,0.0316,0.7719,0.6515,0.1659,0.0079,0.1900,1.5670,0.0007,0.5814,0.1320
14-Jul-94 ,0.7345,0.0313,0.7651,0.6458,0.1644,0.0078,0.1885,1.5620,0.0007,0.5760,0.1300
15-Jul-94 ,0.7335,0.0312,0.7616,0.6421,0.1634,0.0078,0.1872,1.5585,0.0006,0.5734,0.1295
18-Jul-94 ,0.7313,0.0314,0.7668,0.6468,0.1645,0.0078,0.1887,1.5625,0.0006,0.5772,0.1301
19-Jul-94 ,0.7326,0.0312,0.7567,0.6385,0.1625,0.0077,0.1861,1.5520,0.0006,0.5694,0.1294
20-Jul-94 ,0.7355,0.0311,0.7575,0.6404,0.1630,0.0078,0.1868,1.5490,0.0006,0.5705,0.1293
21-Jul-94 ,0.7356,0.0308,0.7513,0.6347,0.1616,0.0077,0.1854,1.5395,0.0006,0.5656,0.1287
22-Jul-94 ,0.7397,0.0305,0.7410,0.6280,0.1602,0.0076,0.1838,1.5315,0.0006,0.5604,0.1277
25-Jul-94 ,0.7430,0.0306,0.7413,0.6288,0.1604,0.0076,0.1841,1.5320,0.0006,0.5608,0.1281
26-Jul-94 ,0.7435,0.0305,0.7410,0.6297,0.1604,0.0077,0.1845,1.5250,0.0006,0.5620,0.1290
27-Jul-94 ,0.7390,0.0308,0.7489,0.6345,0.1614,0.0077,0.1857,1.5308,0.0006,0.5654,0.1293
28-Jul-94 ,0.7365,0.0308,0.7460,0.6318,0.1610,0.0077,0.1851,1.5320,0.0006,0.5639,0.1289
29-Jul-94 ,0.7390,0.0306,0.7441,0.6303,0.1603,0.0077,0.1845,1.5420,0.0006,0.5617,0.1290
02-Aug-94 ,0.7349,0.0308,0.7496,0.6331,0.1609,0.0077,0.1852,1.5380,0.0006,0.5639,0.1292
03-Aug-94 ,0.7322,0.0307,0.7494,0.6327,0.1607,0.0077,0.1851,1.5400,0.0006,0.5639,0.1298
04-Aug-94 ,0.7357,0.0307,0.7488,0.6323,0.1608,0.0077,0.1850,1.5395,0.0006,0.5632,0.1293
05-Aug-94 ,0.7415,0.0307,0.7496,0.6327,0.1607,0.0077,0.1848,1.5420,0.0006,0.5632,0.1291
08-Aug-94 ,0.7405,0.0307,0.7510,0.6331,0.1608,0.0077,0.1848,1.5430,0.0006,0.5637,0.1294
09-Aug-94 ,0.7405,0.0307,0.7499,0.6325,0.1604,0.0077,0.1847,1.5385,0.0006,0.5629,0.1285
10-Aug-94 ,0.7445,0.0308,0.7536,0.6343,0.1607,0.0077,0.1851,1.5395,0.0006,0.5645,0.1283
11-Aug-94 ,0.7460,0.0308,0.7536,0.6341,0.1603,0.0077,0.1849,1.5395,0.0006,0.5645,0.1276
12-Aug-94 ,0.7420,0.0311,0.7640,0.6416,0.1617,0.0077,0.1871,1.5455,0.0006,0.5709,0.1280
15-Aug-94 ,0.7407,0.0313,0.7680,0.6450,0.1625,0.0077,0.1878,1.5425,0.0006,0.5743,0.1286
16-Aug-94 ,0.7405,0.0313,0.7687,0.6450,0.1621,0.0077,0.1879,1.5420,0.0006,0.5744,0.1277
17-Aug-94 ,0.7415,0.0312,0.7649,0.6429,0.1620,0.0077,0.1876,1.5400,0.0006,0.5724,0.1270
18-Aug-94 ,0.7400,0.0313,0.7701,0.6466,0.1630,0.0077,0.1883,1.5450,0.0006,0.5757,0.1283
19-Aug-94 ,0.7385,0.0315,0.7737,0.6500,0.1643,0.0078,0.1896,1.5490,0.0006,0.5795,0.1297
22-Aug-94 ,0.7355,0.0317,0.7758,0.6534,0.1651,0.0078,0.1906,1.5515,0.0006,0.5821,0.1325
23-Aug-94 ,0.7365,0.0315,0.7704,0.6498,0.1642,0.0078,0.1897,1.5540,0.0006,0.5782,0.1314
24-Aug-94 ,0.7410,0.0315,0.7677,0.6468,0.1634,0.0078,0.1890,1.5530,0.0006,0.5774,0.1310
25-Aug-94 ,0.7445,0.0313,0.7654,0.6462,0.1629,0.0078,0.1885,1.5535,0.0006,0.5752,0.1310
26-Aug-94 ,0.7445,0.0310,0.7559,0.6386,0.1615,0.0077,0.1862,1.5355,0.0006,0.5683,0.1296
29-Aug-94 ,0.7419,0.0307,0.7482,0.6331,0.1599,0.0076,0.1850,1.5340,0.0006,0.5638,0.1293
30-Aug-94 ,0.7427,0.0307,0.7510,0.6344,0.1601,0.0076,0.1852,1.5350,0.0006,0.5642,0.1296
31-Aug-94 ,0.7447,0.0307,0.7513,0.6332,0.1605,0.0076,0.1851,1.5365,0.0006,0.5641,0.1294
01-Sep-94 ,0.7433,0.0308,0.7556,0.6352,0.1610,0.0077,0.1855,1.5445,0.0006,0.5661,0.1301
02-Sep-94 ,0.7417,0.0312,0.7639,0.6425,0.1628,0.0077,0.1876,1.5475,0.0006,0.5726,0.1309
06-Sep-94 ,0.7406,0.0314,0.7722,0.6477,0.1636,0.0078,0.1889,1.5485,0.0006,0.5772,0.1309
07-Sep-94 ,0.7436,0.0314,0.7719,0.6458,0.1626,0.0077,0.1883,1.5465,0.0006,0.5760,0.1317
08-Sep-94 ,0.7454,0.0311,0.7663,0.6420,0.1623,0.0077,0.1874,1.5435,0.0006,0.5722,0.1307
09-Sep-94 ,0.7450,0.0316,0.7800,0.6497,0.1643,0.0078,0.1897,1.5510,0.0006,0.5798,0.1326
12-Sep-94 ,0.7438,0.0315,0.7810,0.6493,0.1644,0.0078,0.1896,1.5700,0.0006,0.5786,0.1337
13-Sep-94 ,0.7447,0.0314,0.7746,0.6462,0.1637,0.0078,0.1889,1.5625,0.0006,0.5761,0.1327
14-Sep-94 ,0.7418,0.0316,0.7828,0.6504,0.1647,0.0078,0.1899,1.5675,0.0006,0.5794,0.1328
15-Sep-94 ,0.7437,0.0314,0.7782,0.6464,0.1638,0.0078,0.1891,1.5635,0.0006,0.5762,0.1334
16-Sep-94 ,0.7444,0.0317,0.7865,0.6521,0.1651,0.0078,0.1905,1.5840,0.0006,0.5806,0.1349
19-Sep-94 ,0.7429,0.0313,0.7761,0.6443,0.1636,0.0078,0.1885,1.5667,0.0006,0.5744,0.1339
20-Sep-94 ,0.7430,0.0313,0.7773,0.6441,0.1637,0.0078,0.1884,1.5747,0.0006,0.5744,0.1339
21-Sep-94 ,0.7368,0.0314,0.7797,0.6462,0.1644,0.0078,0.1891,1.5785,0.0006,0.5763,0.1343
22-Sep-94 ,0.7360,0.0314,0.7785,0.6462,0.1643,0.0078,0.1891,1.5765,0.0006,0.5766,0.1342
23-Sep-94 ,0.7393,0.0315,0.7791,0.6479,0.1647,0.0078,0.1895,1.5820,0.0006,0.5782,0.1339
26-Sep-94 ,0.7398,0.0313,0.7767,0.6431,0.1638,0.0078,0.1883,1.5745,0.0006,0.5743,0.1337
27-Sep-94 ,0.7395,0.0314,0.7788,0.6460,0.1645,0.0078,0.1891,1.5770,0.0006,0.5767,0.1342
28-Sep-94 ,0.7405,0.0314,0.7788,0.6456,0.1644,0.0078,0.1891,1.5760,0.0006,0.5769,0.1342
29-Sep-94 ,0.7401,0.0314,0.7785,0.6462,0.1647,0.0078,0.1894,1.5795,0.0006,0.5769,0.1337
30-Sep-94 ,0.7403,0.0314,0.7771,0.6448,0.1645,0.0078,0.1890,1.5770,0.0006,0.5759,0.1336
03-Oct-94 ,0.7410,0.0313,0.7734,0.6434,0.1642,0.0078,0.1885,1.5785,0.0006,0.5745,0.1338
04-Oct-94 ,0.7385,0.0314,0.7761,0.6450,0.1648,0.0078,0.1888,1.5785,0.0006,0.5758,0.1353
05-Oct-94 ,0.7398,0.0315,0.7822,0.6485,0.1654,0.0078,0.1897,1.5860,0.0006,0.5788,0.1353
06-Oct-94 ,0.7398,0.0315,0.7809,0.6476,0.1654,0.0078,0.1895,1.5875,0.0006,0.5786,0.1360
07-Oct-94 ,0.7379,0.0315,0.7807,0.6470,0.1657,0.0078,0.1897,1.5860,0.0006,0.5782,0.1364
11-Oct-94 ,0.7364,0.0314,0.7752,0.6460,0.1649,0.0078,0.1889,1.5780,0.0006,0.5768,0.1349
12-Oct-94 ,0.7360,0.0315,0.7773,0.6484,0.1654,0.0078,0.1894,1.5815,0.0006,0.5789,0.1348
13-Oct-94 ,0.7377,0.0315,0.7788,0.6489,0.1655,0.0078,0.1894,1.5815,0.0006,0.5794,0.1353
14-Oct-94 ,0.7353,0.0320,0.7915,0.6578,0.1677,0.0079,0.1918,1.5917,0.0006,0.5867,0.1367
17-Oct-94 ,0.7352,0.0324,0.8009,0.6667,0.1699,0.0080,0.1941,1.6103,0.0007,0.5952,0.1386
18-Oct-94 ,0.7374,0.0324,0.8008,0.6658,0.1699,0.0080,0.1941,1.6130,0.0007,0.5942,0.1387
19-Oct-94 ,0.7357,0.0323,0.8026,0.6658,0.1700,0.0080,0.1941,1.6179,0.0007,0.5943,0.1388
20-Oct-94 ,0.7368,0.0323,0.8025,0.6664,0.1703,0.0080,0.1944,1.6225,0.0007,0.5944,0.1397
21-Oct-94 ,0.7315,0.0324,0.8016,0.6671,0.1704,0.0080,0.1947,1.6260,0.0007,0.5955,0.1401
24-Oct-94 ,0.7363,0.0324,0.8023,0.6680,0.1709,0.0080,0.1949,1.6280,0.0007,0.5958,0.1408
25-Oct-94 ,0.7364,0.0325,0.8032,0.6700,0.1716,0.0080,0.1957,1.6365,0.0007,0.5977,0.1416
26-Oct-94 ,0.7420,0.0325,0.8013,0.6689,0.1712,0.0080,0.1954,1.6325,0.0007,0.5969,0.1415
27-Oct-94 ,0.7433,0.0325,0.7991,0.6680,0.1710,0.0080,0.1952,1.6377,0.0007,0.5959,0.1409
28-Oct-94 ,0.7429,0.0322,0.7933,0.6623,0.1694,0.0080,0.1935,1.6225,0.0006,0.5914,0.1391
31-Oct-94 ,0.7426,0.0323,0.7968,0.6649,0.1699,0.0080,0.1942,1.6350,0.0006,0.5932,0.1391
01-Nov-94 ,0.7409,0.0325,0.8016,0.6684,0.1709,0.0080,0.1953,1.6325,0.0007,0.5958,0.1391
02-Nov-94 ,0.7425,0.0323,0.7974,0.6651,0.1698,0.0080,0.1939,1.6345,0.0006,0.5930,0.1384
03-Nov-94 ,0.7422,0.0319,0.7853,0.6566,0.1674,0.0079,0.1915,1.6125,0.0006,0.5858,0.1354
04-Nov-94 ,0.7496,0.0319,0.7868,0.6573,0.1678,0.0079,0.1917,1.6105,0.0006,0.5864,0.1361
07-Nov-94 ,0.7546,0.0321,0.7896,0.6608,0.1685,0.0079,0.1925,1.6165,0.0006,0.5891,0.1364
08-Nov-94 ,0.7529,0.0322,0.7943,0.6638,0.1692,0.0080,0.1931,1.6220,0.0006,0.5914,0.1375
09-Nov-94 ,0.7564,0.0318,0.7819,0.6543,0.1670,0.0078,0.1903,1.6060,0.0006,0.5836,0.1361
10-Nov-94 ,0.7546,0.0317,0.7776,0.6521,0.1669,0.0078,0.1898,1.5990,0.0006,0.5810,0.1369
14-Nov-94 ,0.7515,0.0315,0.7728,0.6492,0.1662,0.0078,0.1887,1.5885,0.0006,0.5779,0.1379
15-Nov-94 ,0.7534,0.0315,0.7696,0.6472,0.1654,0.0078,0.1884,1.5840,0.0006,0.5771,0.1365
16-Nov-94 ,0.7507,0.0313,0.7657,0.6447,0.1650,0.0078,0.1878,1.5720,0.0006,0.5759,0.1360
17-Nov-94 ,0.7536,0.0314,0.7701,0.6470,0.1655,0.0078,0.1883,1.5775,0.0006,0.5772,0.1363
18-Nov-94 ,0.7575,0.0312,0.7584,0.6433,0.1643,0.0077,0.1873,1.5675,0.0006,0.5738,0.1363
21-Nov-94 ,0.7620,0.0312,0.7567,0.6413,0.1640,0.0077,0.1868,1.5670,0.0006,0.5723,0.1359
22-Nov-94 ,0.7625,0.0312,0.7585,0.6431,0.1642,0.0077,0.1873,1.5700,0.0006,0.5739,0.1357
23-Nov-94 ,0.7601,0.0313,0.7608,0.6447,0.1645,0.0077,0.1877,1.5720,0.0006,0.5752,0.1357
24-Nov-94 ,0.7600,0.0312,0.7565,0.6419,0.1639,0.0077,0.1869,1.5615,0.0006,0.5725,0.1345
25-Nov-94 ,0.7594,0.0312,0.7561,0.6414,0.1637,0.0077,0.1867,1.5633,0.0006,0.5726,0.1339
28-Nov-94 ,0.7622,0.0311,0.7533,0.6392,0.1631,0.0076,0.1862,1.5625,0.0006,0.5703,0.1330
29-Nov-94 ,0.7632,0.0311,0.7545,0.6382,0.1630,0.0077,0.1861,1.5645,0.0006,0.5701,0.1327
30-Nov-94 ,0.7689,0.0310,0.7541,0.6376,0.1629,0.0076,0.1859,1.5670,0.0006,0.5694,0.1328
01-Dec-94 ,0.7682,0.0309,0.7513,0.6350,0.1625,0.0076,0.1852,1.5650,0.0006,0.5678,0.1326
02-Dec-94 ,0.7687,0.0309,0.7516,0.6344,0.1621,0.0076,0.1848,1.5605,0.0006,0.5669,0.1331
05-Dec-94 ,0.7703,0.0309,0.7539,0.6364,0.1625,0.0076,0.1852,1.5590,0.0006,0.5679,0.1336
06-Dec-94 ,0.7692,0.0309,0.7521,0.6353,0.1624,0.0076,0.1849,1.5605,0.0006,0.5677,0.1327
07-Dec-94 ,0.7697,0.0309,0.7533,0.6363,0.1624,0.0076,0.1853,1.5635,0.0006,0.5681,0.1333
08-Dec-94 ,0.7695,0.0308,0.7480,0.6343,0.1620,0.0076,0.1847,1.5635,0.0006,0.5662,0.1329
09-Dec-94 ,0.7747,0.0308,0.7477,0.6338,0.1619,0.0076,0.1846,1.5600,0.0006,0.5659,0.1331
12-Dec-94 ,0.7746,0.0309,0.7499,0.6357,0.1622,0.0076,0.1848,1.5640,0.0006,0.5674,0.1328
13-Dec-94 ,0.7753,0.0310,0.7516,0.6368,0.1623,0.0076,0.1847,1.5600,0.0006,0.5685,0.1328
14-Dec-94 ,0.7757,0.0309,0.7527,0.6366,0.1623,0.0076,0.1846,1.5615,0.0006,0.5686,0.1321
15-Dec-94 ,0.7780,0.0309,0.7544,0.6368,0.1623,0.0076,0.1847,1.5630,0.0006,0.5688,0.1328
16-Dec-94 ,0.7754,0.0309,0.7514,0.6362,0.1622,0.0076,0.1845,1.5630,0.0006,0.5684,0.1327
19-Dec-94 ,0.7769,0.0309,0.7513,0.6356,0.1619,0.0076,0.1843,1.5620,0.0006,0.5678,0.1323
20-Dec-94 ,0.7759,0.0309,0.7524,0.6363,0.1621,0.0076,0.1846,1.5605,0.0006,0.5687,0.1330
21-Dec-94 ,0.7750,0.0310,0.7543,0.6368,0.1622,0.0075,0.1844,1.5595,0.0006,0.5692,0.1336
22-Dec-94 ,0.7758,0.0308,0.7502,0.6335,0.1615,0.0075,0.1834,1.5465,0.0006,0.5659,0.1335
23-Dec-94 ,0.7773,0.0308,0.7499,0.6331,0.1615,0.0075,0.1834,1.5445,0.0006,0.5658,0.1335
28-Dec-94 ,0.7778,0.0310,0.7530,0.6365,0.1621,0.0075,0.1842,1.5435,0.0006,0.5680,0.1332
29-Dec-94 ,0.7764,0.0314,0.7642,0.6454,0.1644,0.0076,0.1869,1.5600,0.0006,0.5765,0.1346
30-Dec-94 ,0.7752,0.0314,0.7636,0.6454,0.1644,0.0076,0.1872,1.5655,0.0006,0.5766,0.1345
03-Jan-95 ,0.7705,0.0313,0.7622,0.6433,0.1638,0.0076,0.1866,1.5640,0.0006,0.5743,0.1342
04-Jan-95 ,0.7690,0.0311,0.7616,0.6408,0.1631,0.0075,0.1859,1.5615,0.0006,0.5716,0.1341
05-Jan-95 ,0.7680,0.0313,0.7677,0.6441,0.1640,0.0075,0.1868,1.5635,0.0006,0.5747,0.1339
06-Jan-95 ,0.7665,0.0312,0.7627,0.6411,0.1630,0.0075,0.1857,1.5515,0.0006,0.5721,0.1327
09-Jan-95 ,0.7625,0.0313,0.7725,0.6475,0.1647,0.0075,0.1877,1.5565,0.0006,0.5780,0.1339
10-Jan-95 ,0.7673,0.0315,0.7758,0.6500,0.1647,0.0075,0.1882,1.5598,0.0006,0.5790,0.1331
11-Jan-95 ,0.7702,0.0316,0.7767,0.6513,0.1651,0.0075,0.1885,1.5585,0.0006,0.5811,0.1332
12-Jan-95 ,0.7667,0.0318,0.7814,0.6551,0.1661,0.0075,0.1893,1.5717,0.0006,0.5840,0.1335
13-Jan-95 ,0.7574,0.0316,0.7749,0.6515,0.1651,0.0075,0.1883,1.5665,0.0006,0.5812,0.1330
16-Jan-95 ,0.7585,0.0317,0.7791,0.6532,0.1659,0.0075,0.1889,1.5695,0.0006,0.5828,0.1339
17-Jan-95 ,0.7590,0.0317,0.7776,0.6536,0.1659,0.0075,0.1889,1.5680,0.0006,0.5824,0.1343
18-Jan-95 ,0.7605,0.0317,0.7758,0.6538,0.1659,0.0075,0.1892,1.5705,0.0006,0.5833,0.1343
19-Jan-95 ,0.7660,0.0318,0.7803,0.6568,0.1663,0.0075,0.1896,1.5755,0.0006,0.5845,0.1337
20-Jan-95 ,0.7685,0.0321,0.7868,0.6614,0.1677,0.0076,0.1909,1.5875,0.0006,0.5900,0.1346
23-Jan-95 ,0.7677,0.0321,0.7880,0.6618,0.1677,0.0076,0.1911,1.5955,0.0006,0.5898,0.1343
24-Jan-95 ,0.7705,0.0321,0.7868,0.6613,0.1678,0.0076,0.1910,1.5970,0.0006,0.5894,0.1344
25-Jan-95 ,0.7652,0.0320,0.7840,0.6599,0.1672,0.0076,0.1905,1.5930,0.0006,0.5883,0.1337
26-Jan-95 ,0.7657,0.0321,0.7853,0.6609,0.1675,0.0076,0.1909,1.5915,0.0006,0.5898,0.1342
27-Jan-95 ,0.7624,0.0320,0.7852,0.6601,0.1672,0.0076,0.1902,1.5885,0.0006,0.5891,0.1341
30-Jan-95 ,0.7594,0.0322,0.7893,0.6647,0.1684,0.0076,0.1917,1.5940,0.0006,0.5935,0.1349
31-Jan-95 ,0.7570,0.0318,0.7788,0.6567,0.1663,0.0075,0.1892,1.5825,0.0006,0.5856,0.1335
01-Feb-95 ,0.7579,0.0319,0.7765,0.6566,0.1665,0.0076,0.1895,1.5810,0.0006,0.5857,0.1340
02-Feb-95 ,0.7586,0.0320,0.7782,0.6584,0.1670,0.0076,0.1899,1.5830,0.0006,0.5878,0.1344
03-Feb-95 ,0.7538,0.0318,0.7743,0.6557,0.1662,0.0075,0.1888,1.5653,0.0006,0.5850,0.1338
06-Feb-95 ,0.7514,0.0318,0.7725,0.6534,0.1659,0.0075,0.1887,1.5598,0.0006,0.5832,0.1344
07-Feb-95 ,0.7466,0.0317,0.7685,0.6510,0.1654,0.0076,0.1881,1.5574,0.0006,0.5812,0.1338
08-Feb-95 ,0.7448,0.0317,0.7712,0.6525,0.1658,0.0076,0.1887,1.5525,0.0006,0.5824,0.1340
09-Feb-95 ,0.7443,0.0318,0.7737,0.6547,0.1662,0.0076,0.1891,1.5565,0.0006,0.5840,0.1340
10-Feb-95 ,0.7452,0.0319,0.7785,0.6574,0.1668,0.0076,0.1899,1.5632,0.0006,0.5860,0.1351
13-Feb-95 ,0.7448,0.0320,0.7790,0.6578,0.1669,0.0076,0.1898,1.5634,0.0006,0.5868,0.1348
14-Feb-95 ,0.7440,0.0321,0.7825,0.6604,0.1679,0.0077,0.1906,1.5573,0.0006,0.5900,0.1355
15-Feb-95 ,0.7475,0.0321,0.7819,0.6616,0.1680,0.0077,0.1907,1.5600,0.0006,0.5901,0.1355
16-Feb-95 ,0.7456,0.0320,0.7937,0.6710,0.1699,0.0077,0.1927,1.5773,0.0006,0.5975,0.1358
17-Feb-95 ,0.7375,0.0326,0.7943,0.6720,0.1701,0.0077,0.1932,1.5765,0.0006,0.5993,0.1362
20-Feb-95 ,0.7371,0.0329,0.8026,0.6780,0.1719,0.0078,0.1948,1.5828,0.0006,0.6053,0.1370
21-Feb-95 ,0.7417,0.0327,0.8010,0.6773,0.1714,0.0077,0.1942,1.5820,0.0006,0.6041,0.1369
22-Feb-95 ,0.7385,0.0330,0.8010,0.6796,0.1719,0.0077,0.1946,1.5868,0.0006,0.6063,0.1371
23-Feb-95 ,0.7367,0.0330,0.8003,0.6805,0.1719,0.0077,0.1945,1.5925,0.0006,0.6068,0.1378
24-Feb-95 ,0.7373,0.0330,0.8014,0.6825,0.1720,0.0077,0.1939,1.5883,0.0006,0.6074,0.1376
27-Feb-95 ,0.7399,0.0333,0.8094,0.6865,0.1727,0.0078,0.1949,1.5836,0.0006,0.6124,0.1360
28-Feb-95 ,0.7382,0.0333,0.8107,0.6863,0.1725,0.0078,0.1950,1.5835,0.0006,0.6118,0.1365
01-Mar-95 ,0.7351,0.0331,0.8061,0.6823,0.1719,0.0078,0.1943,1.5840,0.0006,0.6086,0.1369
02-Mar-95 ,0.7373,0.0333,0.8087,0.6857,0.1725,0.0078,0.1949,1.5913,0.0006,0.6121,0.1363
03-Mar-95 ,0.7384,0.0338,0.8234,0.6969,0.1753,0.0079,0.1978,1.6223,0.0006,0.6211,0.1376
06-Mar-95 ,0.7395,0.0347,0.8547,0.7145,0.1771,0.0078,0.2017,1.6335,0.0006,0.6376,0.1385
07-Mar-95 ,0.7393,0.0349,0.8745,0.7284,0.1779,0.0078,0.2034,1.6440,0.0006,0.6470,0.1394
08-Mar-95 ,0.7395,0.0348,0.8606,0.7184,0.1785,0.0078,0.2015,1.6180,0.0006,0.6409,0.1396
10-Mar-95 ,0.7447,0.0342,0.8474,0.7087,0.1760,0.0077,0.1991,1.5815,0.0006,0.6311,0.1386
13-Mar-95 ,0.7466,0.0343,0.8524,0.7107,0.1764,0.0077,0.1992,1.5980,0.0006,0.6335,0.1371
14-Mar-95 ,0.7448,0.0343,0.8500,0.7077,0.1767,0.0077,0.1997,1.5865,0.0006,0.6310,0.1391
15-Mar-95 ,0.7460,0.0349,0.8707,0.7212,0.1793,0.0078,0.2026,1.6032,0.0006,0.6420,0.1391
16-Mar-95 ,0.7465,0.0348,0.8602,0.7153,0.1778,0.0078,0.2012,1.5865,0.0006,0.6395,0.1384
17-Mar-95 ,0.7343,0.0349,0.8696,0.7220,0.1788,0.0078,0.2019,1.5825,0.0006,0.6432,0.1381
20-Mar-95 ,0.7239,0.0347,0.8595,0.7136,0.1778,0.0078,0.2006,1.5805,0.0006,0.6365,0.1373
21-Mar-95 ,0.7268,0.0342,0.8500,0.7061,0.1764,0.0077,0.1999,1.5845,0.0006,0.6305,0.1376
22-Mar-95 ,0.7253,0.0345,0.8569,0.7112,0.1778,0.0077,0.2011,1.5865,0.0006,0.6349,0.1370
23-Mar-95 ,0.7256,0.0345,0.8580,0.7115,0.1779,0.0077,0.2009,1.5935,0.0006,0.6343,0.1365
24-Mar-95 ,0.7289,0.0343,0.8507,0.7040,0.1772,0.0077,0.2003,1.5890,0.0006,0.6301,0.1359
27-Mar-95 ,0.7255,0.0346,0.8628,0.7117,0.1794,0.0078,0.2023,1.5965,0.0006,0.6353,0.1379
28-Mar-95 ,0.7275,0.0347,0.8703,0.7181,0.1801,0.0078,0.2034,1.6100,0.0006,0.6408,0.1360
29-Mar-95 ,0.7234,0.0351,0.8764,0.7228,0.1813,0.0078,0.2050,1.6085,0.0006,0.6457,0.1363
30-Mar-95 ,0.7283,0.0344,0.8536,0.7084,0.1794,0.0078,0.2035,1.5990,0.0006,0.6327,0.1341
31-Mar-95 ,0.7330,0.0356,0.8830,0.7264,0.1835,0.0079,0.2079,1.6203,0.0006,0.6471,0.1352
03-Apr-95 ,0.7327,0.0354,0.8895,0.7282,0.1839,0.0079,0.2077,1.6157,0.0006,0.6510,0.1355
04-Apr-95 ,0.7330,0.0351,0.8796,0.7225,0.1825,0.0079,0.2062,1.6025,0.0006,0.6453,0.1355
05-Apr-95 ,0.7396,0.0352,0.8836,0.7245,0.1833,0.0079,0.2069,1.6069,0.0006,0.6464,0.1354
06-Apr-95 ,0.7405,0.0354,0.8869,0.7268,0.1847,0.0080,0.2087,1.6061,0.0006,0.6494,0.1355
07-Apr-95 ,0.7420,0.0352,0.8803,0.7225,0.1837,0.0080,0.2080,1.6018,0.0006,0.6458,0.1358
10-Apr-95 ,0.7413,0.0345,0.8620,0.7097,0.1847,0.0080,0.2039,1.5943,0.0006,0.6335,0.1361
11-Apr-95 ,0.7408,0.0347,0.8687,0.7135,0.1814,0.0080,0.2049,1.5950,0.0006,0.6371,0.1364
12-Apr-95 ,0.7426,0.0346,0.8645,0.7123,0.1815,0.0080,0.2045,1.5905,0.0006,0.6361,0.1358
13-Apr-95 ,0.7402,0.0350,0.8707,0.7197,0.1833,0.0081,0.2063,1.6067,0.0006,0.6427,0.1372
17-Apr-95 ,0.7421,0.0352,0.8873,0.7305,0.1856,0.0082,0.2090,1.6195,0.0006,0.6521,0.1392
18-Apr-95 ,0.7418,0.0356,0.8881,0.7331,0.1861,0.0082,0.2079,1.6135,0.0006,0.6541,0.1372
19-Apr-95 ,0.7353,0.0358,0.8952,0.7375,0.1864,0.0081,0.2074,1.6159,0.0006,0.6587,0.1370
20-Apr-95 ,0.7352,0.0353,0.8757,0.7244,0.1840,0.0081,0.2057,1.6135,0.0006,0.6494,0.1351
21-Apr-95 ,0.7315,0.0353,0.8803,0.7274,0.1841,0.0081,0.2048,1.6105,0.0006,0.6491,0.1350
24-Apr-95 ,0.7298,0.0354,0.8784,0.7276,0.1849,0.0081,0.2061,1.6050,0.0006,0.6502,0.1340
25-Apr-95 ,0.7278,0.0355,0.8838,0.7305,0.1857,0.0082,0.2074,1.6137,0.0006,0.6527,0.1360
26-Apr-95 ,0.7273,0.0353,0.8784,0.7263,0.1848,0.0081,0.2056,1.6105,0.0006,0.6476,0.1365
27-Apr-95 ,0.7280,0.0353,0.8814,0.7270,0.1844,0.0081,0.2052,1.6155,0.0006,0.6481,0.1380
28-Apr-95 ,0.7274,0.0350,0.8730,0.7212,0.1837,0.0081,0.2034,1.6095,0.0006,0.6443,0.1371
01-May-95 ,0.7285,0.0349,0.8741,0.7193,0.1830,0.0081,0.2020,1.6185,0.0006,0.6422,0.1376
02-May-95 ,0.7298,0.0352,0.8815,0.7257,0.1844,0.0081,0.2032,1.6120,0.0006,0.6479,0.1370
03-May-95 ,0.7330,0.0353,0.8830,0.7281,0.1852,0.0082,0.2045,1.6170,0.0006,0.6499,0.1378
04-May-95 ,0.7413,0.0354,0.8850,0.7307,0.1858,0.0082,0.2052,1.6180,0.0006,0.6533,0.1379
05-May-95 ,0.7420,0.0353,0.8834,0.7290,0.1856,0.0082,0.2043,1.5990,0.0006,0.6508,0.1377
08-May-95 ,0.7390,0.0356,0.8897,0.7334,0.1868,0.0082,0.2069,1.6080,0.0006,0.6551,0.1392
09-May-95 ,0.7308,0.0354,0.8834,0.7289,0.1860,0.0083,0.2063,1.5885,0.0006,0.6510,0.1395
10-May-95 ,0.7293,0.0350,0.8665,0.7187,0.1836,0.0083,0.2050,1.5815,0.0006,0.6424,0.1394
11-May-95 ,0.7333,0.0344,0.8443,0.6966,0.1804,0.0082,0.2008,1.5550,0.0006,0.6299,0.1364
12-May-95 ,0.7410,0.0337,0.8299,0.6916,0.1777,0.0080,0.1978,1.5710,0.0006,0.6188,0.1359
15-May-95 ,0.7337,0.0336,0.8276,0.6925,0.1774,0.0080,0.1976,1.5662,0.0006,0.6185,0.1359
16-May-95 ,0.7275,0.0339,0.8348,0.6967,0.1781,0.0080,0.1977,1.5690,0.0006,0.6225,0.1368
17-May-95 ,0.7307,0.0338,0.8333,0.6959,0.1776,0.0080,0.1958,1.5690,0.0006,0.6217,0.1356
18-May-95 ,0.7178,0.0334,0.8220,0.6865,0.1758,0.0079,0.1934,1.5623,0.0006,0.6132,0.1345
19-May-95 ,0.7152,0.0338,0.8330,0.6943,0.1776,0.0080,0.1959,1.5735,0.0006,0.6208,0.1354
23-May-95 ,0.7183,0.0338,0.8309,0.6916,0.1768,0.0079,0.1948,1.5660,0.0006,0.6182,0.1346
24-May-95 ,0.7175,0.0338,0.8340,0.6947,0.1780,0.0080,0.1957,1.5760,0.0006,0.6213,0.1353
25-May-95 ,0.7195,0.0342,0.8587,0.7125,0.1822,0.0082,0.2007,1.6040,0.0006,0.6357,0.1379
26-May-95 ,0.7194,0.0353,0.8792,0.7255,0.1856,0.0083,0.2058,1.6045,0.0006,0.6479,0.1376
29-May-95 ,0.7180,0.0350,0.8741,0.7207,0.1841,0.0083,0.2042,1.5975,0.0006,0.6431,0.1376
30-May-95 ,0.7208,0.0351,0.8745,0.7207,0.1843,0.0083,0.2041,1.6015,0.0006,0.6439,0.1378
31-May-95 ,0.7183,0.0345,0.8565,0.7074,0.1812,0.0082,0.2015,1.5865,0.0006,0.6321,0.1362
01-Jun-95 ,0.7155,0.0344,0.8540,0.7060,0.1807,0.0081,0.2009,1.5945,0.0006,0.6303,0.1365
02-Jun-95 ,0.7168,0.0344,0.8554,0.7055,0.1808,0.0081,0.2008,1.5870,0.0006,0.6303,0.1364
05-Jun-95 ,0.7146,0.0348,0.8659,0.7120,0.1826,0.0083,0.2034,1.5959,0.0006,0.6369,0.1385
06-Jun-95 ,0.7177,0.0344,0.8551,0.7059,0.1812,0.0082,0.2014,1.5905,0.0006,0.6323,0.1382
07-Jun-95 ,0.7206,0.0346,0.8639,0.7115,0.1823,0.0082,0.2020,1.5945,0.0006,0.6363,0.1387
08-Jun-95 ,0.7229,0.0344,0.8561,0.7063,0.1811,0.0082,0.2009,1.5926,0.0006,0.6325,0.1384
09-Jun-95 ,0.7201,0.0347,0.8632,0.7129,0.1826,0.0082,0.2030,1.5943,0.0006,0.6377,0.1386
12-Jun-95 ,0.7180,0.0347,0.8672,0.7139,0.1827,0.0082,0.2029,1.5963,0.0006,0.6378,0.1383
13-Jun-95 ,0.7195,0.0346,0.8677,0.7113,0.1822,0.0082,0.2020,1.5960,0.0006,0.6360,0.1379
14-Jun-95 ,0.7220,0.0348,0.8654,0.7137,0.1832,0.0082,0.2036,1.6075,0.0006,0.6382,0.1381
15-Jun-95 ,0.7275,0.0345,0.8543,0.7081,0.1816,0.0082,0.2020,1.5959,0.0006,0.6326,0.1373
16-Jun-95 ,0.7285,0.0347,0.8602,0.7137,0.1827,0.0082,0.2033,1.6075,0.0006,0.6372,0.1380
19-Jun-95 ,0.7270,0.0347,0.8587,0.7125,0.1825,0.0082,0.2035,1.5995,0.0006,0.6377,0.1374
20-Jun-95 ,0.7245,0.0349,0.8655,0.7174,0.1834,0.0082,0.2044,1.6025,0.0006,0.6403,0.1375
21-Jun-95 ,0.7258,0.0350,0.8684,0.7187,0.1839,0.0083,0.2050,1.6052,0.0006,0.6421,0.1377
22-Jun-95 ,0.7210,0.0348,0.8632,0.7144,0.1831,0.0082,0.2042,1.6013,0.0006,0.6452,0.1376
23-Jun-95 ,0.7213,0.0351,0.8719,0.7209,0.1847,0.0083,0.2056,1.6046,0.0006,0.6439,0.1384
26-Jun-95 ,0.7188,0.0349,0.8685,0.7183,0.1840,0.0082,0.2049,1.5865,0.0006,0.6415,0.1379
27-Jun-95 ,0.7145,0.0352,0.8733,0.7227,0.1851,0.0083,0.2055,1.5852,0.0006,0.6449,0.1381
28-Jun-95 ,0.7146,0.0347,0.8610,0.7139,0.1828,0.0082,0.2035,1.5737,0.0006,0.6371,0.1368
29-Jun-95 ,0.7158,0.0351,0.8692,0.7230,0.1850,0.0083,0.2060,1.5907,0.0006,0.6444,0.1380
30-Jun-95 ,0.7108,0.0352,0.8684,0.7232,0.1851,0.0083,0.2061,1.5907,0.0006,0.6454,0.1372
04-Jul-95 ,0.7105,0.0352,0.8722,0.7243,0.1854,0.0083,0.2067,1.5968,0.0006,0.6462,0.1382
05-Jul-95 ,0.7103,0.0352,0.8726,0.7244,0.1856,0.0083,0.2071,1.5953,0.0006,0.6471,0.1382
06-Jul-95 ,0.7117,0.0352,0.8707,0.7233,0.1854,0.0083,0.2068,1.5985,0.0006,0.6464,0.1383
07-Jul-95 ,0.7164,0.0349,0.8639,0.7182,0.1844,0.0083,0.2061,1.5948,0.0006,0.6414,0.1379
10-Jul-95 ,0.7150,0.0348,0.8621,0.7163,0.1839,0.0083,0.2058,1.5909,0.0006,0.6394,0.1381
11-Jul-95 ,0.7202,0.0347,0.8577,0.7125,0.1832,0.0083,0.2051,1.5886,0.0006,0.6368,0.1378
12-Jul-95 ,0.7219,0.0347,0.8574,0.7132,0.1831,0.0083,0.2051,1.5915,0.0006,0.6367,0.1389
13-Jul-95 ,0.7328,0.0350,0.8613,0.7187,0.1843,0.0084,0.2061,1.6004,0.0006,0.6412,0.1395
14-Jul-95 ,0.7305,0.0349,0.8595,0.7186,0.1844,0.0084,0.2062,1.5950,0.0006,0.6417,0.1391
17-Jul-95 ,0.7327,0.0348,0.8576,0.7174,0.1840,0.0084,0.2060,1.5950,0.0006,0.6398,0.1392
18-Jul-95 ,0.7325,0.0351,0.8633,0.7208,0.1851,0.0083,0.2070,1.5967,0.0006,0.6438,0.1396
19-Jul-95 ,0.7325,0.0351,0.8639,0.7213,0.1853,0.0084,0.2073,1.5957,0.0006,0.6437,0.1397
20-Jul-95 ,0.7350,0.0352,0.8698,0.7246,0.1862,0.0084,0.2085,1.5969,0.0006,0.6466,0.1397
21-Jul-95 ,0.7357,0.0350,0.8650,0.7212,0.1852,0.0084,0.2074,1.5940,0.0006,0.6437,0.1397
24-Jul-95 ,0.7376,0.0352,0.8702,0.7225,0.1856,0.0084,0.2081,1.5977,0.0006,0.6453,0.1399
25-Jul-95 ,0.7388,0.0349,0.8624,0.7173,0.1841,0.0084,0.2067,1.5875,0.0006,0.6403,0.1400
26-Jul-95 ,0.7388,0.0350,0.8678,0.7205,0.1852,0.0084,0.2078,1.5958,0.0006,0.6433,0.1410
27-Jul-95 ,0.7353,0.0351,0.8715,0.7233,0.1859,0.0084,0.2086,1.5955,0.0006,0.6461,0.1415
28-Jul-95 ,0.7366,0.0352,0.8725,0.7243,0.1863,0.0084,0.2093,1.6005,0.0006,0.6468,0.1419
31-Jul-95 ,0.7389,0.0351,0.8692,0.7221,0.1856,0.0084,0.2090,1.5987,0.0006,0.6442,0.1416
01-Aug-95 ,0.7410,0.0352,0.8731,0.7237,0.1863,0.0084,0.2093,1.5995,0.0006,0.6464,0.1413
02-Aug-95 ,0.7405,0.0348,0.8637,0.7151,0.1845,0.0084,0.2075,1.6001,0.0006,0.6382,0.1407
03-Aug-95 ,0.7405,0.0350,0.8707,0.7197,0.1856,0.0084,0.2089,1.6070,0.0006,0.6425,0.1420
04-Aug-95 ,0.7425,0.0349,0.8694,0.7177,0.1851,0.0084,0.2086,1.6075,0.0006,0.6406,0.1418
08-Aug-95 ,0.7442,0.0345,0.8561,0.7098,0.1830,0.0083,0.2055,1.6015,0.0006,0.6335,0.1400
09-Aug-95 ,0.7423,0.0346,0.8593,0.7109,0.1833,0.0083,0.2057,1.6005,0.0006,0.6343,0.1400
10-Aug-95 ,0.7405,0.0342,0.8489,0.7033,0.1814,0.0082,0.2037,1.5885,0.0006,0.6279,0.1403
11-Aug-95 ,0.7415,0.0339,0.8392,0.6969,0.1801,0.0082,0.2025,1.5776,0.0006,0.6227,0.1395
14-Aug-95 ,0.7420,0.0339,0.8372,0.6970,0.1796,0.0081,0.2021,1.5741,0.0006,0.6217,0.1390
15-Aug-95 ,0.7365,0.0330,0.8162,0.6788,0.1752,0.0080,0.1978,1.5559,0.0006,0.6066,0.1365
16-Aug-95 ,0.7325,0.0330,0.8152,0.6781,0.1751,0.0080,0.1981,1.5523,0.0006,0.6059,0.1373
17-Aug-95 ,0.7315,0.0329,0.8152,0.6765,0.1747,0.0079,0.1975,1.5340,0.0006,0.6044,0.1366
18-Aug-95 ,0.7360,0.0331,0.8194,0.6790,0.1752,0.0080,0.1982,1.5433,0.0006,0.6077,0.1360
21-Aug-95 ,0.7371,0.0331,0.8190,0.6797,0.1753,0.0080,0.1983,1.5407,0.0006,0.6066,0.1361
22-Aug-95 ,0.7400,0.0328,0.8131,0.6739,0.1740,0.0079,0.1968,1.5361,0.0006,0.6024,0.1364
23-Aug-95 ,0.7407,0.0328,0.8160,0.6749,0.1742,0.0079,0.1970,1.5421,0.0006,0.6029,0.1367
24-Aug-95 ,0.7411,0.0329,0.8204,0.6775,0.1748,0.0080,0.1974,1.5436,0.0006,0.6049,0.1372
25-Aug-95 ,0.7437,0.0329,0.8209,0.6763,0.1744,0.0079,0.1967,1.5421,0.0006,0.6040,0.1364
28-Aug-95 ,0.7437,0.0333,0.8302,0.6839,0.1763,0.0080,0.1979,1.5530,0.0006,0.6110,0.1369
29-Aug-95 ,0.7515,0.0331,0.8261,0.6798,0.1751,0.0079,0.1973,1.5450,0.0006,0.6066,0.1366
30-Aug-95 ,0.7548,0.0329,0.8259,0.6777,0.1746,0.0079,0.1973,1.5444,0.0006,0.6040,0.1365
31-Aug-95 ,0.7515,0.0331,0.8299,0.6812,0.1755,0.0080,0.1981,1.5516,0.0006,0.6081,0.1369
01-Sep-95 ,0.7500,0.0332,0.8326,0.6824,0.1787,0.0080,0.1979,1.5537,0.0006,0.6096,0.1369
05-Sep-95 ,0.7514,0.0332,0.8321,0.6835,0.1763,0.0080,0.1980,1.5572,0.0006,0.6100,0.1370
06-Sep-95 ,0.7508,0.0329,0.8237,0.6763,0.1745,0.0079,0.1963,1.5502,0.0006,0.6038,0.1373
07-Sep-95 ,0.7515,0.0329,0.8244,0.6773,0.1750,0.0080,0.1966,1.5500,0.0006,0.6048,0.1376
08-Sep-95 ,0.7520,0.0328,0.8220,0.6759,0.1748,0.0079,0.1966,1.5485,0.0006,0.6035,0.1392
11-Sep-95 ,0.7525,0.0330,0.8290,0.6797,0.1757,0.0079,0.1969,1.5485,0.0006,0.6066,0.1407
12-Sep-95 ,0.7600,0.0331,0.8325,0.6799,0.1759,0.0079,0.1967,1.5545,0.0006,0.6069,0.1411
13-Sep-95 ,0.7630,0.0326,0.8184,0.6696,0.1732,0.0078,0.1946,1.5474,0.0006,0.5979,0.1399
14-Sep-95 ,0.7625,0.0327,0.8260,0.6734,0.1738,0.0079,0.1952,1.5510,0.0006,0.6008,0.1400
15-Sep-95 ,0.7595,0.0327,0.8278,0.6724,0.1737,0.0079,0.1954,1.5515,0.0006,0.6008,0.1400
18-Sep-95 ,0.7550,0.0327,0.8268,0.6730,0.1739,0.0079,0.1955,1.5466,0.0006,0.6010,0.1395
19-Sep-95 ,0.7603,0.0327,0.8323,0.6734,0.1738,0.0079,0.1959,1.5460,0.0006,0.6010,0.1403
20-Sep-95 ,0.7566,0.0331,0.8486,0.6817,0.1758,0.0079,0.1978,1.5530,0.0006,0.6089,0.1407
21-Sep-95 ,0.7543,0.0338,0.8741,0.6971,0.1795,0.0080,0.2015,1.5701,0.0006,0.6223,0.1420
22-Sep-95 ,0.7455,0.0344,0.8821,0.7089,0.1819,0.0081,0.2039,1.5801,0.0006,0.6327,0.1417
25-Sep-95 ,0.7485,0.0340,0.8713,0.7004,0.1801,0.0080,0.2023,1.5723,0.0006,0.6254,0.1429
26-Sep-95 ,0.7485,0.0338,0.8606,0.6960,0.1792,0.0081,0.2020,1.5711,0.0006,0.6202,0.1426
27-Sep-95 ,0.7490,0.0341,0.8682,0.7008,0.1807,0.0081,0.2035,1.5734,0.0006,0.6260,0.1428
28-Sep-95 ,0.7525,0.0343,0.8718,0.7033,0.1810,0.0081,0.2038,1.5805,0.0006,0.6287,0.1436
29-Sep-95 ,0.7558,0.0340,0.8651,0.6998,0.1804,0.0081,0.2032,1.5800,0.0006,0.6248,0.1445
02-Oct-95 ,0.7620,0.0340,0.8690,0.6997,0.1805,0.0081,0.2027,1.5910,0.0006,0.6244,0.1436
03-Oct-95 ,0.7663,0.0338,0.8613,0.6941,0.1789,0.0080,0.2012,1.5815,0.0006,0.6198,0.1431
04-Oct-95 ,0.7630,0.0339,0.8680,0.6982,0.1798,0.0081,0.2021,1.5843,0.0006,0.6234,0.1437
05-Oct-95 ,0.7600,0.0341,0.8726,0.7005,0.1806,0.0081,0.2021,1.5845,0.0006,0.6259,0.1440
06-Oct-95 ,0.7615,0.0341,0.8707,0.7015,0.1803,0.0081,0.2007,1.5810,0.0006,0.6260,0.1425
10-Oct-95 ,0.7585,0.0343,0.8712,0.7049,0.1814,0.0081,0.2016,1.5783,0.0006,0.6295,0.1438
11-Oct-95 ,0.7630,0.0341,0.8655,0.7016,0.1810,0.0081,0.2014,1.5732,0.0006,0.6264,0.1440
12-Oct-95 ,0.7606,0.0342,0.8670,0.7035,0.1814,0.0082,0.2019,1.5735,0.0006,0.6279,0.1440
13-Oct-95 ,0.7591,0.0340,0.8642,0.6990,0.1803,0.0081,0.2008,1.5731,0.0006,0.6242,0.1435
16-Oct-95 ,0.7565,0.0342,0.8694,0.7041,0.1816,0.0082,0.2018,1.5750,0.0006,0.6291,0.1438
17-Oct-95 ,0.7575,0.0343,0.8719,0.7071,0.1820,0.0082,0.2015,1.5743,0.0006,0.6313,0.1448
18-Oct-95 ,0.7550,0.0342,0.8669,0.7037,0.1813,0.0081,0.2006,1.5695,0.0006,0.6282,0.1460
19-Oct-95 ,0.7520,0.0345,0.8698,0.7088,0.1824,0.0082,0.2019,1.5729,0.0006,0.6329,0.1479
20-Oct-95 ,0.7500,0.0348,0.8759,0.7150,0.1839,0.0083,0.2033,1.5759,0.0006,0.6386,0.1492
23-Oct-95 ,0.7483,0.0351,0.8877,0.7213,0.1855,0.0083,0.2045,1.5810,0.0006,0.6447,0.1494
24-Oct-95 ,0.7472,0.0351,0.8846,0.7209,0.1854,0.0083,0.2050,1.5814,0.0006,0.6437,0.1506
25-Oct-95 ,0.7489,0.0349,0.8811,0.7173,0.1847,0.0083,0.2041,1.5795,0.0006,0.6409,0.1515
26-Oct-95 ,0.7555,0.0347,0.8778,0.7130,0.1836,0.0082,0.2029,1.5739,0.0006,0.6370,0.1505
27-Oct-95 ,0.7545,0.0348,0.8825,0.7137,0.1841,0.0082,0.2053,1.5799,0.0006,0.6375,0.1514
30-Oct-95 ,0.7615,0.0346,0.8822,0.7123,0.1835,0.0082,0.2048,1.5785,0.0006,0.6357,0.1511
31-Oct-95 ,0.7615,0.0346,0.8809,0.7108,0.1830,0.0082,0.2048,1.5809,0.0006,0.6337,0.1506
01-Nov-95 ,0.7610,0.0344,0.8777,0.7066,0.1822,0.0082,0.2040,1.5783,0.0006,0.6301,0.1514
02-Nov-95 ,0.7590,0.0343,0.8765,0.7052,0.1821,0.0082,0.2041,1.5817,0.0006,0.6301,0.1504
03-Nov-95 ,0.7582,0.0344,0.8787,0.7072,0.1824,0.0082,0.2045,1.5805,0.0006,0.6311,0.1509
06-Nov-95 ,0.7533,0.0344,0.8783,0.7073,0.1825,0.0082,0.2040,1.5795,0.0006,0.6313,0.1496
07-Nov-95 ,0.7525,0.0343,0.8777,0.7058,0.1822,0.0082,0.2046,1.5781,0.0006,0.6299,0.1498
08-Nov-95 ,0.7505,0.0343,0.8753,0.7055,0.1820,0.0082,0.2050,1.5815,0.0006,0.6297,0.1499
09-Nov-95 ,0.7375,0.0344,0.8784,0.7084,0.1827,0.0082,0.2057,1.5797,0.0006,0.6331,0.1502
10-Nov-95 ,0.7391,0.0344,0.8805,0.7081,0.1826,0.0082,0.2053,1.5759,0.0006,0.6325,0.1504
14-Nov-95 ,0.7400,0.0344,0.8776,0.7073,0.1826,0.0082,0.2051,1.5613,0.0006,0.6319,0.1501
15-Nov-95 ,0.7350,0.0347,0.8813,0.7131,0.1838,0.0083,0.2066,1.5580,0.0006,0.6369,0.1511
16-Nov-95 ,0.7410,0.0345,0.8757,0.7092,0.1829,0.0083,0.2056,1.5561,0.0006,0.6333,0.1511
17-Nov-95 ,0.7410,0.0347,0.8814,0.7132,0.1842,0.0083,0.2066,1.5514,0.0006,0.6370,0.1528
20-Nov-95 ,0.7440,0.0345,0.8785,0.7091,0.1831,0.0082,0.2057,1.5494,0.0006,0.6336,0.1525
21-Nov-95 ,0.7457,0.0345,0.8782,0.7096,0.1831,0.0082,0.2055,1.5585,0.0006,0.6334,0.1533
22-Nov-95 ,0.7411,0.0346,0.8811,0.7120,0.1836,0.0083,0.2063,1.5646,0.0006,0.6347,0.1539
23-Nov-95 ,0.7405,0.0344,0.8792,0.7076,0.1827,0.0083,0.2053,1.5635,0.0006,0.6318,0.1531
24-Nov-95 ,0.7390,0.0343,0.8755,0.7055,0.1821,0.0082,0.2051,1.5592,0.0006,0.6298,0.1535
27-Nov-95 ,0.7410,0.0339,0.8632,0.6960,0.1799,0.0082,0.2031,1.5505,0.0006,0.6217,0.1525
28-Nov-95 ,0.7500,0.0340,0.8654,0.6982,0.1805,0.0082,0.2036,1.5483,0.0006,0.6235,0.1539
29-Nov-95 ,0.7490,0.0339,0.8604,0.6968,0.1800,0.0082,0.2027,1.5378,0.0006,0.6219,0.1537
30-Nov-95 ,0.7425,0.0336,0.8511,0.6913,0.1784,0.0081,0.2004,1.5305,0.0006,0.6171,0.1525
01-Dec-95 ,0.7375,0.0337,0.8521,0.6923,0.1787,0.0081,0.2004,1.5357,0.0006,0.6185,0.1529
04-Dec-95 ,0.7397,0.0338,0.8554,0.6952,0.1794,0.0081,0.2001,1.5359,0.0006,0.6206,0.1518
05-Dec-95 ,0.7382,0.0338,0.8560,0.6960,0.1798,0.0081,0.2013,1.5417,0.0006,0.6215,0.1528
06-Dec-95 ,0.7398,0.0337,0.8543,0.6923,0.1789,0.0081,0.2012,1.5419,0.0006,0.6181,0.1522
07-Dec-95 ,0.7395,0.0337,0.8558,0.6929,0.1788,0.0081,0.2012,1.5360,0.0006,0.6182,0.1503
08-Dec-95 ,0.7381,0.0336,0.8563,0.6914,0.1788,0.0081,0.2008,1.5332,0.0006,0.6177,0.1502
11-Dec-95 ,0.7365,0.0337,0.8553,0.6930,0.1788,0.0081,0.2008,1.5355,0.0006,0.6186,0.1482
12-Dec-95 ,0.7410,0.0336,0.8510,0.6903,0.1781,0.0081,0.1999,1.5316,0.0006,0.6169,0.1487
13-Dec-95 ,0.7440,0.0335,0.8496,0.6896,0.1779,0.0081,0.1990,1.5324,0.0006,0.6156,0.1487
14-Dec-95 ,0.7382,0.0338,0.8591,0.6942,0.1794,0.0082,0.2016,1.5415,0.0006,0.6211,0.1503
15-Dec-95 ,0.7415,0.0337,0.8601,0.6932,0.1788,0.0081,0.2015,1.5394,0.0006,0.6190,0.1511
18-Dec-95 ,0.7409,0.0340,0.8711,0.6988,0.1802,0.0082,0.2028,1.5393,0.0006,0.6239,0.1515
19-Dec-95 ,0.7411,0.0338,0.8674,0.6956,0.1796,0.0082,0.2024,1.5424,0.0006,0.6216,0.1510
20-Dec-95 ,0.7410,0.0338,0.8645,0.6938,0.1789,0.0082,0.2018,1.5374,0.0006,0.6194,0.1507
21-Dec-95 ,0.7420,0.0338,0.8639,0.6946,0.1793,0.0082,0.2025,1.5385,0.0006,0.6206,0.1503
22-Dec-95 ,0.7400,0.0338,0.8632,0.6955,0.1794,0.0082,0.2027,1.5431,0.0006,0.6207,0.1507
27-Dec-95 ,0.7480,0.0340,0.8677,0.6991,0.1806,0.0082,0.2047,1.5605,0.0006,0.6242,0.1507
28-Dec-95 ,0.7455,0.0338,0.8646,0.6937,0.1793,0.0082,0.2033,1.5410,0.0006,0.6207,0.1494
29-Dec-95 ,0.7435,0.0340,0.8673,0.6973,0.1802,0.0082,0.2044,1.5530,0.0006,0.6242,0.1506
02-Jan-96 ,0.7437,0.0339,0.8644,0.6970,0.1800,0.0082,0.2041,1.5568,0.0006,0.6221,0.1509
03-Jan-96 ,0.7486,0.0338,0.8625,0.6942,0.1794,0.0082,0.2033,1.5520,0.0006,0.6201,0.1515
04-Jan-96 ,0.7456,0.0335,0.8525,0.6875,0.1779,0.0082,0.2015,1.5459,0.0006,0.6144,0.1507
05-Jan-96 ,0.7483,0.0338,0.8620,0.6949,0.1798,0.0083,0.2031,1.5525,0.0006,0.6209,0.1511
08-Jan-96 ,0.7480,0.0338,0.8599,0.6948,0.1795,0.0083,0.2025,1.5509,0.0006,0.6201,0.1511
09-Jan-96 ,0.7450,0.0337,0.8582,0.6935,0.1794,0.0082,0.2025,1.5475,0.0006,0.6190,0.1514
10-Jan-96 ,0.7475,0.0338,0.8592,0.6945,0.1795,0.0083,0.2027,1.5456,0.0006,0.6198,0.1519
11-Jan-96 ,0.7468,0.0338,0.8616,0.6945,0.1796,0.0083,0.2024,1.5439,0.0006,0.6201,0.1518
12-Jan-96 ,0.7450,0.0338,0.8616,0.6943,0.1797,0.0083,0.2025,1.5491,0.0006,0.6207,0.1522
15-Jan-96 ,0.7433,0.0336,0.8580,0.6907,0.1787,0.0082,0.2018,1.5461,0.0006,0.6169,0.1516
16-Jan-96 ,0.7435,0.0334,0.8510,0.6856,0.1773,0.0081,0.2004,1.5385,0.0006,0.6121,0.1508
17-Jan-96 ,0.7400,0.0332,0.8447,0.6818,0.1764,0.0081,0.1997,1.5260,0.0006,0.6090,0.1498
18-Jan-96 ,0.7395,0.0331,0.8434,0.6806,0.1761,0.0081,0.1990,1.5235,0.0006,0.6080,0.1494
19-Jan-96 ,0.7361,0.0329,0.8371,0.6752,0.1747,0.0080,0.1979,1.5092,0.0006,0.6040,0.1487
22-Jan-96 ,0.7321,0.0329,0.8421,0.6772,0.1750,0.0080,0.1980,1.5137,0.0006,0.6048,0.1463
23-Jan-96 ,0.7350,0.0328,0.8400,0.6753,0.1746,0.0080,0.1972,1.5135,0.0006,0.6028,0.1453
24-Jan-96 ,0.7360,0.0328,0.8381,0.6735,0.1742,0.0080,0.1967,1.5099,0.0006,0.6017,0.1455
25-Jan-96 ,0.7373,0.0327,0.8372,0.6723,0.1738,0.0080,0.1961,1.5071,0.0006,0.6005,0.1446
26-Jan-96 ,0.7385,0.0326,0.8284,0.6707,0.1735,0.0079,0.1952,1.5033,0.0006,0.5990,0.1441
29-Jan-96 ,0.7404,0.0327,0.8282,0.6735,0.1740,0.0079,0.1960,1.5068,0.0006,0.6016,0.1432
30-Jan-96 ,0.7425,0.0326,0.8244,0.6717,0.1736,0.0080,0.1955,1.5043,0.0006,0.5994,0.1436
31-Jan-96 ,0.7448,0.0327,0.8249,0.6714,0.1735,0.0080,0.1954,1.5107,0.0006,0.5997,0.1437
01-Feb-96 ,0.7474,0.0326,0.8192,0.6699,0.1733,0.0080,0.1952,1.5123,0.0006,0.5976,0.1439
02-Feb-96 ,0.7562,0.0327,0.8213,0.6727,0.1741,0.0080,0.1961,1.5191,0.0006,0.6018,0.1438
05-Feb-96 ,0.7552,0.0332,0.8358,0.6818,0.1763,0.0081,0.1982,1.5345,0.0006,0.6090,0.1443
06-Feb-96 ,0.7548,0.0330,0.8316,0.6788,0.1755,0.0081,0.1975,1.5401,0.0006,0.6064,0.1425
07-Feb-96 ,0.7548,0.0329,0.8284,0.6763,0.1748,0.0080,0.1970,1.5365,0.0006,0.6041,0.1426
08-Feb-96 ,0.7578,0.0330,0.8302,0.6778,0.1751,0.0081,0.1972,1.5375,0.0006,0.6057,0.1431
09-Feb-96 ,0.7550,0.0329,0.8273,0.6765,0.1747,0.0080,0.1969,1.5320,0.0006,0.6040,0.1437
12-Feb-96 ,0.7545,0.0330,0.8321,0.6790,0.1756,0.0081,0.1974,1.5309,0.0006,0.6066,0.1438
13-Feb-96 ,0.7534,0.0329,0.8289,0.6766,0.1749,0.0080,0.1967,1.5344,0.0006,0.6047,0.1438
14-Feb-96 ,0.7561,0.0331,0.8348,0.6817,0.1762,0.0081,0.1976,1.5373,0.0006,0.6084,0.1437
15-Feb-96 ,0.7560,0.0331,0.8338,0.6801,0.1759,0.0081,0.1975,1.5383,0.0006,0.6075,0.1438
16-Feb-96 ,0.7560,0.0333,0.8418,0.6850,0.1771,0.0081,0.1990,1.5490,0.0006,0.6116,0.1447
19-Feb-96 ,0.7535,0.0337,0.8514,0.6918,0.1788,0.0082,0.2008,1.5466,0.0006,0.6180,0.1453
20-Feb-96 ,0.7555,0.0335,0.8453,0.6883,0.1779,0.0082,0.1988,1.5452,0.0006,0.6148,0.1463
21-Feb-96 ,0.7510,0.0334,0.8430,0.6881,0.1780,0.0082,0.1996,1.5427,0.0006,0.6147,0.1479
22-Feb-96 ,0.7548,0.0335,0.8463,0.6893,0.1782,0.0082,0.2003,1.5431,0.0006,0.6156,0.1484
23-Feb-96 ,0.7563,0.0336,0.8529,0.6920,0.1787,0.0082,0.2016,1.5409,0.0006,0.6169,0.1492
26-Feb-96 ,0.7568,0.0336,0.8494,0.6904,0.1787,0.0082,0.2009,1.5406,0.0006,0.6167,0.1486
27-Feb-96 ,0.7586,0.0335,0.8463,0.6891,0.1783,0.0082,0.2007,1.5400,0.0006,0.6156,0.1498
28-Feb-96 ,0.7638,0.0332,0.8371,0.6825,0.1766,0.0081,0.1992,1.5339,0.0006,0.6094,0.1490
29-Feb-96 ,0.7645,0.0331,0.8341,0.6802,0.1760,0.0081,0.1984,1.5323,0.0006,0.6073,0.1481
01-Mar-96 ,0.7621,0.0329,0.8297,0.6763,0.1752,0.0080,0.1972,1.5275,0.0006,0.6045,0.1476
04-Mar-96 ,0.7603,0.0329,0.8320,0.6774,0.1754,0.0080,0.1975,1.5290,0.0006,0.6050,0.1467
05-Mar-96 ,0.7600,0.0330,0.8337,0.6778,0.1755,0.0080,0.1980,1.5295,0.0006,0.6055,0.1463
06-Mar-96 ,0.7623,0.0329,0.8331,0.6773,0.1754,0.0080,0.1979,1.5292,0.0006,0.6055,0.1462
07-Mar-96 ,0.7628,0.0329,0.8323,0.6760,0.1751,0.0080,0.1975,1.5303,0.0006,0.6040,0.1475
08-Mar-96 ,0.7680,0.0327,0.8291,0.6723,0.1741,0.0080,0.1964,1.5245,0.0006,0.6008,0.1464
11-Mar-96 ,0.7682,0.0328,0.8319,0.6755,0.1749,0.0080,0.1972,1.5244,0.0006,0.6035,0.1466
12-Mar-96 ,0.7704,0.0329,0.8356,0.6766,0.1752,0.0080,0.1977,1.5215,0.0006,0.6045,0.1469
13-Mar-96 ,0.7738,0.0330,0.8396,0.6782,0.1754,0.0081,0.1980,1.5227,0.0006,0.6059,0.1473
14-Mar-96 ,0.7743,0.0330,0.8407,0.6784,0.1756,0.0081,0.1980,1.5235,0.0006,0.6062,0.1475
15-Mar-96 ,0.7740,0.0330,0.8409,0.6781,0.1755,0.0080,0.1979,1.5252,0.0006,0.6059,0.1476
18-Mar-96 ,0.7735,0.0330,0.8397,0.6775,0.1753,0.0081,0.1977,1.5305,0.0006,0.6057,0.1488
19-Mar-96 ,0.7745,0.0330,0.8393,0.6779,0.1755,0.0081,0.1983,1.5325,0.0006,0.6051,0.1497
20-Mar-96 ,0.7759,0.0330,0.8397,0.6788,0.1758,0.0081,0.1981,1.5377,0.0006,0.6065,0.1513
21-Mar-96 ,0.7783,0.0329,0.8368,0.6767,0.1752,0.0081,0.1974,1.5361,0.0006,0.6046,0.1500
22-Mar-96 ,0.7770,0.0330,0.8375,0.6772,0.1754,0.0081,0.1974,1.5330,0.0006,0.6051,0.1510
25-Mar-96 ,0.7734,0.0329,0.8386,0.6763,0.1752,0.0081,0.1974,1.5231,0.0006,0.6046,0.1509
26-Mar-96 ,0.7728,0.0330,0.8387,0.6774,0.1754,0.0081,0.1980,1.5245,0.0006,0.6054,0.1510
27-Mar-96 ,0.7782,0.0327,0.8334,0.6725,0.1742,0.0080,0.1972,1.5185,0.0006,0.6013,0.1503
28-Mar-96 ,0.7825,0.0330,0.8400,0.6777,0.1755,0.0080,0.1986,1.5243,0.0006,0.6057,0.1503
29-Mar-96 ,0.7815,0.0330,0.8408,0.6775,0.1755,0.0081,0.1985,1.5263,0.0006,0.6053,0.1494
01-Apr-96 ,0.7841,0.0328,0.8371,0.6745,0.1747,0.0080,0.1980,1.5247,0.0006,0.6031,0.1501
02-Apr-96 ,0.7828,0.0329,0.8384,0.6751,0.1749,0.0080,0.1981,1.5250,0.0006,0.6036,0.1500
03-Apr-96 ,0.7811,0.0329,0.8375,0.6760,0.1752,0.0081,0.1980,1.5263,0.0006,0.6048,0.1507
04-Apr-96 ,0.7816,0.0329,0.8376,0.6755,0.1750,0.0081,0.1986,1.5300,0.0006,0.6052,0.1502
08-Apr-96 ,0.7833,0.0330,0.8391,0.6771,0.1753,0.0081,0.1987,1.5310,0.0006,0.6062,0.1504
09-Apr-96 ,0.7865,0.0326,0.8292,0.6701,0.1736,0.0080,0.1969,1.5247,0.0006,0.6002,0.1490
10-Apr-96 ,0.7885,0.0325,0.8218,0.6667,0.1727,0.0080,0.1962,1.5115,0.0006,0.5966,0.1490
11-Apr-96 ,0.7900,0.0324,0.8183,0.6654,0.1724,0.0080,0.1960,1.5127,0.0006,0.5956,0.1491
12-Apr-96 ,0.7900,0.0324,0.8156,0.6652,0.1723,0.0080,0.1958,1.5125,0.0006,0.5952,0.1488
15-Apr-96 ,0.7904,0.0323,0.8127,0.6625,0.1716,0.0079,0.1951,1.5090,0.0006,0.5928,0.1481
16-Apr-96 ,0.7876,0.0323,0.8125,0.6618,0.1715,0.0079,0.1950,1.5072,0.0006,0.5924,0.1477
17-Apr-96 ,0.7853,0.0323,0.8158,0.6639,0.1721,0.0080,0.1954,1.5075,0.0006,0.5941,0.1482
18-Apr-96 ,0.7818,0.0323,0.8178,0.6635,0.1718,0.0080,0.1955,1.5099,0.0006,0.5930,0.1489
19-Apr-96 ,0.7824,0.0323,0.8177,0.6637,0.1721,0.0080,0.1957,1.5170,0.0006,0.5938,0.1494
22-Apr-96 ,0.7865,0.0321,0.8155,0.6598,0.1711,0.0079,0.1950,1.5119,0.0006,0.5898,0.1490
23-Apr-96 ,0.7895,0.0320,0.8133,0.6582,0.1707,0.0079,0.1948,1.5157,0.0006,0.5886,0.1489
24-Apr-96 ,0.7845,0.0320,0.8111,0.6571,0.1704,0.0079,0.1946,1.5139,0.0006,0.5874,0.1483
25-Apr-96 ,0.7895,0.0318,0.8090,0.6539,0.1696,0.0079,0.1937,1.5133,0.0006,0.5843,0.1470
26-Apr-96 ,0.7889,0.0319,0.8090,0.6543,0.1697,0.0079,0.1939,1.5099,0.0006,0.5848,0.1477
29-Apr-96 ,0.7874,0.0320,0.8112,0.6567,0.1703,0.0079,0.1946,1.5095,0.0006,0.5867,0.1482
30-Apr-96 ,0.7857,0.0318,0.8055,0.6534,0.1694,0.0079,0.1934,1.5047,0.0006,0.5836,0.1474
01-May-96 ,0.7895,0.0317,0.8003,0.6517,0.1691,0.0078,0.1931,1.4951,0.0006,0.5827,0.1464
02-May-96 ,0.7951,0.0318,0.8034,0.6538,0.1696,0.0078,0.1936,1.5033,0.0006,0.5847,0.1459
03-May-96 ,0.7968,0.0318,0.8048,0.6551,0.1698,0.0078,0.1937,1.5039,0.0006,0.5865,0.1464
06-May-96 ,0.7962,0.0319,0.8032,0.6551,0.1698,0.0079,0.1938,1.5075,0.0006,0.5868,0.1462
07-May-96 ,0.7993,0.0320,0.8068,0.6573,0.1704,0.0079,0.1944,1.5125,0.0006,0.5883,0.1466
08-May-96 ,0.8005,0.0321,0.8113,0.6600,0.1709,0.0079,0.1952,1.5223,0.0006,0.5907,0.1469
09-May-96 ,0.7985,0.0321,0.8091,0.6595,0.1707,0.0079,0.1945,1.5223,0.0006,0.5900,0.1472
10-May-96 ,0.8030,0.0319,0.8016,0.6547,0.1696,0.0078,0.1935,1.5225,0.0006,0.5860,0.1472
13-May-96 ,0.8018,0.0318,0.8008,0.6526,0.1691,0.0078,0.1930,1.5146,0.0006,0.5842,0.1478
14-May-96 ,0.8019,0.0317,0.7993,0.6515,0.1688,0.0078,0.1924,1.5151,0.0006,0.5827,0.1477
15-May-96 ,0.8008,0.0317,0.7987,0.6526,0.1690,0.0078,0.1926,1.5135,0.0006,0.5836,0.1481
16-May-96 ,0.8017,0.0317,0.7952,0.6516,0.1688,0.0078,0.1925,1.5135,0.0006,0.5827,0.1478
17-May-96 ,0.8001,0.0318,0.7973,0.6548,0.1695,0.0078,0.1931,1.5153,0.0006,0.5853,0.1483
21-May-96 ,0.7928,0.0316,0.7893,0.6488,0.1680,0.0078,0.1917,1.5119,0.0006,0.5804,0.1469
22-May-96 ,0.7950,0.0316,0.7902,0.6497,0.1682,0.0078,0.1918,1.5110,0.0006,0.5805,0.1466
23-May-96 ,0.7935,0.0316,0.7912,0.6492,0.1682,0.0078,0.1918,1.5135,0.0006,0.5804,0.1462
24-May-96 ,0.7920,0.0315,0.7893,0.6479,0.1678,0.0078,0.1914,1.5115,0.0006,0.5792,0.1462
27-May-96 ,0.7924,0.0315,0.7906,0.6485,0.1680,0.0078,0.1918,1.5138,0.0006,0.5797,0.1463
28-May-96 ,0.7948,0.0314,0.7852,0.6463,0.1674,0.0078,0.1910,1.5131,0.0006,0.5779,0.1467
29-May-96 ,0.7988,0.0315,0.7869,0.6475,0.1676,0.0077,0.1913,1.5212,0.0006,0.5786,0.1466
30-May-96 ,0.7964,0.0318,0.7943,0.6524,0.1690,0.0077,0.1927,1.5345,0.0006,0.5830,0.1476
31-May-96 ,0.7983,0.0319,0.7985,0.6551,0.1696,0.0078,0.1936,1.5495,0.0006,0.5853,0.1488
03-Jun-96 ,0.8013,0.0318,0.7992,0.6542,0.1694,0.0078,0.1931,1.5515,0.0006,0.5841,0.1489
04-Jun-96 ,0.7995,0.0318,0.7947,0.6525,0.1690,0.0077,0.1927,1.5490,0.0006,0.5829,0.1492
05-Jun-96 ,0.7935,0.0318,0.7956,0.6531,0.1691,0.0077,0.1928,1.5479,0.0006,0.5839,0.1485
06-Jun-96 ,0.7855,0.0317,0.7944,0.6527,0.1691,0.0077,0.1926,1.5412,0.0006,0.5833,0.1482
07-Jun-96 ,0.7920,0.0317,0.7894,0.6516,0.1689,0.0077,0.1924,1.5415,0.0006,0.5824,0.1482
10-Jun-96 ,0.7936,0.0317,0.7899,0.6516,0.1688,0.0077,0.1924,1.5321,0.0006,0.5820,0.1482
11-Jun-96 ,0.7922,0.0316,0.7886,0.6506,0.1686,0.0077,0.1920,1.5357,0.0006,0.5813,0.1489
12-Jun-96 ,0.7910,0.0317,0.7909,0.6513,0.1688,0.0077,0.1922,1.5351,0.0006,0.5816,0.1490
13-Jun-96 ,0.7922,0.0317,0.7929,0.6521,0.1690,0.0077,0.1922,1.5316,0.0006,0.5823,0.1489
14-Jun-96 ,0.7921,0.0319,0.7979,0.6560,0.1702,0.0078,0.1934,1.5361,0.0006,0.5857,0.1493
17-Jun-96 ,0.7927,0.0320,0.8010,0.6594,0.1710,0.0078,0.1943,1.5453,0.0006,0.5887,0.1503
18-Jun-96 ,0.7894,0.0321,0.8005,0.6600,0.1713,0.0078,0.1943,1.5437,0.0007,0.5893,0.1508
19-Jun-96 ,0.7879,0.0320,0.7980,0.6574,0.1708,0.0078,0.1937,1.5437,0.0007,0.5865,0.1510
20-Jun-96 ,0.7888,0.0319,0.7974,0.6566,0.1705,0.0078,0.1936,1.5419,0.0007,0.5859,0.1510
21-Jun-96 ,0.7909,0.0317,0.7918,0.6529,0.1696,0.0078,0.1926,1.5383,0.0006,0.5823,0.1502
24-Jun-96 ,0.7905,0.0317,0.7926,0.6536,0.1697,0.0078,0.1927,1.5403,0.0007,0.5828,0.1506
25-Jun-96 ,0.7908,0.0317,0.7929,0.6536,0.1698,0.0078,0.1929,1.5407,0.0007,0.5831,0.1509
26-Jun-96 ,0.7915,0.0318,0.7943,0.6547,0.1698,0.0078,0.1935,1.5414,0.0007,0.5838,0.1514
27-Jun-96 ,0.7890,0.0319,0.7990,0.6571,0.1705,0.0078,0.1942,1.5457,0.0007,0.5861,0.1508
28-Jun-96 ,0.7859,0.0319,0.8000,0.6576,0.1707,0.0078,0.1944,1.5535,0.0007,0.5863,0.1512
02-Jul-96 ,0.7830,0.0318,0.7998,0.6556,0.1701,0.0078,0.1939,1.5587,0.0007,0.5843,0.1493
03-Jul-96 ,0.7815,0.0319,0.7983,0.6569,0.1705,0.0078,0.1943,1.5591,0.0007,0.5860,0.1502
04-Jul-96 ,0.7845,0.0319,0.7964,0.6559,0.1703,0.0078,0.1941,1.5581,0.0007,0.5848,0.1503
05-Jul-96 ,0.7970,0.0318,0.7902,0.6530,0.1697,0.0078,0.1934,1.5541,0.0007,0.5831,0.1497
08-Jul-96 ,0.7937,0.0318,0.7911,0.6541,0.1698,0.0078,0.1932,1.5530,0.0007,0.5831,0.1493
09-Jul-96 ,0.7920,0.0318,0.7927,0.6559,0.1703,0.0078,0.1937,1.5501,0.0007,0.5848,0.1495
10-Jul-96 ,0.7978,0.0318,0.7911,0.6553,0.1701,0.0078,0.1937,1.5505,0.0007,0.5841,0.1499
11-Jul-96 ,0.7986,0.0319,0.7961,0.6574,0.1706,0.0078,0.1943,1.5561,0.0007,0.5856,0.1498
12-Jul-96 ,0.7978,0.0319,0.7947,0.6573,0.1706,0.0078,0.1942,1.5531,0.0007,0.5856,0.1491
15-Jul-96 ,0.7950,0.0320,0.7966,0.6577,0.1705,0.0078,0.1942,1.5505,0.0006,0.5862,0.1483
16-Jul-96 ,0.7916,0.0326,0.8192,0.6714,0.1740,0.0080,0.1982,1.5591,0.0007,0.5979,0.1506
17-Jul-96 ,0.7878,0.0327,0.8251,0.6737,0.1746,0.0080,0.1988,1.5437,0.0007,0.6001,0.1508
18-Jul-96 ,0.7922,0.0326,0.8236,0.6731,0.1742,0.0080,0.1986,1.5482,0.0007,0.5996,0.1510
19-Jul-96 ,0.7910,0.0326,0.8217,0.6721,0.1741,0.0080,0.1981,1.5462,0.0007,0.5988,0.1512
22-Jul-96 ,0.7918,0.0327,0.8283,0.6741,0.1748,0.0080,0.1992,1.5511,0.0007,0.6008,0.1517
23-Jul-96 ,0.7913,0.0326,0.8245,0.6714,0.1741,0.0079,0.1983,1.5517,0.0007,0.5981,0.1520
24-Jul-96 ,0.7923,0.0326,0.8237,0.6711,0.1740,0.0079,0.1981,1.5528,0.0007,0.5978,0.1523
25-Jul-96 ,0.7886,0.0328,0.8281,0.6759,0.1751,0.0080,0.1994,1.5571,0.0007,0.6019,0.1529
26-Jul-96 ,0.7873,0.0327,0.8255,0.6743,0.1747,0.0079,0.1987,1.5551,0.0007,0.6004,0.1520
29-Jul-96 ,0.7873,0.0328,0.8286,0.6755,0.1750,0.0079,0.1992,1.5565,0.0007,0.6015,0.1523
30-Jul-96 ,0.7827,0.0328,0.8307,0.6761,0.1750,0.0079,0.1993,1.5560,0.0007,0.6021,0.1514
31-Jul-96 ,0.7735,0.0330,0.8352,0.6792,0.1756,0.0080,0.2002,1.5554,0.0007,0.6053,0.1512
01-Aug-96 ,0.7724,0.0329,0.8331,0.6787,0.1757,0.0080,0.1999,1.5565,0.0007,0.6050,0.1524
02-Aug-96 ,0.7729,0.0328,0.8309,0.6764,0.1751,0.0079,0.1992,1.5420,0.0007,0.6029,0.1519
06-Aug-96 ,0.7759,0.0327,0.8302,0.6744,0.1745,0.0079,0.1981,1.5379,0.0007,0.6014,0.1514
07-Aug-96 ,0.7770,0.0327,0.8268,0.6736,0.1742,0.0079,0.1975,1.5423,0.0007,0.6001,0.1506
08-Aug-96 ,0.7786,0.0327,0.8264,0.6739,0.1743,0.0079,0.1977,1.5500,0.0007,0.6007,0.1505
09-Aug-96 ,0.7788,0.0328,0.8305,0.6762,0.1748,0.0079,0.1978,1.5493,0.0007,0.6026,0.1503
12-Aug-96 ,0.7775,0.0328,0.8330,0.6771,0.1750,0.0079,0.1977,1.5510,0.0007,0.6035,0.1500
13-Aug-96 ,0.7793,0.0329,0.8337,0.6774,0.1750,0.0080,0.1977,1.5500,0.0007,0.6037,0.1505
14-Aug-96 ,0.7793,0.0326,0.8282,0.6726,0.1738,0.0079,0.1968,1.5488,0.0007,0.5991,0.1506
15-Aug-96 ,0.7825,0.0327,0.8295,0.6731,0.1741,0.0079,0.1969,1.5500,0.0007,0.5999,0.1508
16-Aug-96 ,0.7840,0.0325,0.8254,0.6696,0.1731,0.0079,0.1960,1.5473,0.0007,0.5972,0.1503
19-Aug-96 ,0.7903,0.0326,0.8292,0.6725,0.1739,0.0079,0.1964,1.5445,0.0007,0.5993,0.1508
20-Aug-96 ,0.7867,0.0326,0.8289,0.6718,0.1740,0.0079,0.1968,1.5474,0.0007,0.5988,0.1515
21-Aug-96 ,0.7903,0.0327,0.8330,0.6744,0.1744,0.0080,0.1972,1.5505,0.0007,0.6013,0.1514
22-Aug-96 ,0.7913,0.0326,0.8288,0.6706,0.1735,0.0079,0.1967,1.5507,0.0007,0.5981,0.1512
23-Aug-96 ,0.7905,0.0327,0.8331,0.6733,0.1743,0.0080,0.1973,1.5531,0.0007,0.6002,0.1517
26-Aug-96 ,0.7907,0.0328,0.8380,0.6757,0.1751,0.0080,0.1979,1.5555,0.0007,0.6026,0.1518
27-Aug-96 ,0.7868,0.0328,0.8375,0.6759,0.1750,0.0080,0.1976,1.5527,0.0007,0.6031,0.1513
28-Aug-96 ,0.7908,0.0329,0.8386,0.6773,0.1752,0.0080,0.1978,1.5595,0.0007,0.6039,0.1514
29-Aug-96 ,0.7913,0.0328,0.8351,0.6751,0.1746,0.0080,0.1969,1.5563,0.0007,0.6019,0.1510
30-Aug-96 ,0.7910,0.0328,0.8330,0.6757,0.1748,0.0080,0.1975,1.5613,0.0007,0.6024,0.1509
03-Sep-96 ,0.7920,0.0327,0.8282,0.6739,0.1745,0.0080,0.1969,1.5673,0.0007,0.6011,0.1506
04-Sep-96 ,0.7920,0.0327,0.8295,0.6746,0.1746,0.0080,0.1967,1.5673,0.0007,0.6015,0.1506
05-Sep-96 ,0.7945,0.0327,0.8285,0.6736,0.1745,0.0080,0.1966,1.5673,0.0007,0.6008,0.1505
06-Sep-96 ,0.7980,0.0326,0.8224,0.6706,0.1738,0.0079,0.1964,1.5612,0.0007,0.5983,0.1505
09-Sep-96 ,0.8015,0.0325,0.8210,0.6693,0.1709,0.0079,0.1961,1.5587,0.0007,0.5970,0.1502
10-Sep-96 ,0.7995,0.0322,0.8110,0.6628,0.1719,0.0079,0.1941,1.5571,0.0007,0.5916,0.1488
11-Sep-96 ,0.8000,0.0322,0.8115,0.6628,0.1720,0.0079,0.1942,1.5553,0.0007,0.5916,0.1493
12-Sep-96 ,0.7962,0.0321,0.8068,0.6609,0.1714,0.0078,0.1934,1.5533,0.0007,0.5895,0.1493
13-Sep-96 ,0.7928,0.0321,0.8061,0.6615,0.1717,0.0078,0.1940,1.5545,0.0007,0.5899,0.1500
16-Sep-96 ,0.7870,0.0322,0.8068,0.6619,0.1718,0.0079,0.1945,1.5568,0.0007,0.5904,0.1506
17-Sep-96 ,0.7902,0.0321,0.8032,0.6601,0.1715,0.0078,0.1943,1.5551,0.0007,0.5892,0.1508
18-Sep-96 ,0.7893,0.0322,0.8054,0.6623,0.1720,0.0079,0.1943,1.5605,0.0007,0.5910,0.1510
19-Sep-96 ,0.7898,0.0321,0.8045,0.6602,0.1716,0.0079,0.1941,1.5517,0.0007,0.5891,0.1508
20-Sep-96 ,0.7918,0.0321,0.8068,0.6603,0.1717,0.0079,0.1949,1.5554,0.0007,0.5890,0.1511
23-Sep-96 ,0.7922,0.0321,0.8106,0.6616,0.1720,0.0079,0.1953,1.5581,0.0007,0.5902,0.1517
24-Sep-96 ,0.7878,0.0321,0.8078,0.6609,0.1721,0.0079,0.1953,1.5575,0.0007,0.5892,0.1518
25-Sep-96 ,0.7910,0.0321,0.8093,0.6612,0.1722,0.0079,0.1954,1.5637,0.0007,0.5896,0.1513
26-Sep-96 ,0.7930,0.0319,0.7981,0.6567,0.1711,0.0078,0.1944,1.5616,0.0007,0.5853,0.1503
27-Sep-96 ,0.7910,0.0318,0.7964,0.6560,0.1708,0.0078,0.1939,1.5629,0.0007,0.5848,0.1507
30-Sep-96 ,0.7919,0.0318,0.7967,0.6550,0.1707,0.0078,0.1936,1.5653,0.0007,0.5838,0.1508
01-Oct-96 ,0.7920,0.0318,0.7978,0.6554,0.1707,0.0078,0.1935,1.5645,0.0007,0.5841,0.1509
02-Oct-96 ,0.7954,0.0318,0.7972,0.6543,0.1707,0.0078,0.1931,1.5693,0.0007,0.5832,0.1513
03-Oct-96 ,0.7902,0.0318,0.7976,0.6541,0.1706,0.0078,0.1933,1.5669,0.0007,0.5832,0.1511
04-Oct-96 ,0.7898,0.0317,0.7960,0.6536,0.1705,0.0078,0.1932,1.5634,0.0007,0.5826,0.1510
07-Oct-96 ,0.7870,0.0317,0.7962,0.6533,0.1706,0.0078,0.1934,1.5637,0.0007,0.5824,0.1510
08-Oct-96 ,0.7893,0.0318,0.7996,0.6547,0.1710,0.0078,0.1938,1.5635,0.0007,0.5836,0.1519
09-Oct-96 ,0.7897,0.0318,0.7978,0.6542,0.1708,0.0078,0.1936,1.5640,0.0007,0.5832,0.1518
10-Oct-96 ,0.7900,0.0317,0.7986,0.6537,0.1706,0.0078,0.1934,1.5655,0.0007,0.5829,0.1515
11-Oct-96 ,0.7900,0.0317,0.7971,0.6530,0.1704,0.0078,0.1930,1.5751,0.0007,0.5822,0.1514
15-Oct-96 ,0.7909,0.0315,0.7892,0.6492,0.1695,0.0077,0.1920,1.5829,0.0007,0.5787,0.1510
16-Oct-96 ,0.7917,0.0315,0.7898,0.6499,0.1697,0.0077,0.1921,1.5845,0.0007,0.5792,0.1508
17-Oct-96 ,0.7923,0.0315,0.7878,0.6478,0.1690,0.0077,0.1916,1.5871,0.0006,0.5775,0.1503
18-Oct-96 ,0.7963,0.0315,0.7867,0.6486,0.1695,0.0077,0.1920,1.5903,0.0007,0.5777,0.1505
21-Oct-96 ,0.7999,0.0316,0.7907,0.6512,0.1701,0.0077,0.1926,1.5919,0.0007,0.5804,0.1511
22-Oct-96 ,0.7955,0.0316,0.7912,0.6516,0.1702,0.0077,0.1928,1.5957,0.0007,0.5811,0.1514
23-Oct-96 ,0.7945,0.0319,0.7973,0.6567,0.1713,0.0078,0.1944,1.5977,0.0007,0.5856,0.1522
24-Oct-96 ,0.7930,0.0319,0.7960,0.6574,0.1713,0.0078,0.1946,1.5921,0.0007,0.5858,0.1519
25-Oct-96 ,0.7920,0.0319,0.7939,0.6581,0.1717,0.0078,0.1949,1.6059,0.0007,0.5865,0.1519
28-Oct-96 ,0.7906,0.0320,0.7949,0.6591,0.1717,0.0078,0.1950,1.6125,0.0007,0.5876,0.1522
29-Oct-96 ,0.7908,0.0322,0.7973,0.6626,0.1724,0.0079,0.1961,1.6100,0.0007,0.5910,0.1527
30-Oct-96 ,0.7923,0.0322,0.7990,0.6626,0.1725,0.0079,0.1962,1.6323,0.0007,0.5907,0.1526
31-Oct-96 ,0.7928,0.0320,0.7920,0.6606,0.1720,0.0078,0.1956,1.6275,0.0007,0.5893,0.1522
01-Nov-96 ,0.7896,0.0321,0.7876,0.6604,0.1718,0.0078,0.1955,1.6363,0.0007,0.5890,0.1520
04-Nov-96 ,0.7874,0.0321,0.7861,0.6603,0.1719,0.0078,0.1953,1.6442,0.0007,0.5891,0.1514
05-Nov-96 ,0.7873,0.0320,0.7822,0.6577,0.1713,0.0078,0.1948,1.6467,0.0007,0.5865,0.1507
06-Nov-96 ,0.7923,0.0320,0.7828,0.6587,0.1714,0.0078,0.1949,1.6399,0.0007,0.5874,0.1513
07-Nov-96 ,0.7830,0.0322,0.7896,0.6636,0.1725,0.0079,0.1962,1.6476,0.0007,0.5912,0.1515
08-Nov-96 ,0.7878,0.0323,0.7902,0.6645,0.1728,0.0079,0.1965,1.6475,0.0007,0.5925,0.1518
12-Nov-96 ,0.7872,0.0323,0.7921,0.6666,0.1732,0.0079,0.1969,1.6465,0.0007,0.5940,0.1509
13-Nov-96 ,0.7879,0.0322,0.7886,0.6646,0.1731,0.0079,0.1965,1.6555,0.0007,0.5923,0.1506
14-Nov-96 ,0.7910,0.0322,0.7846,0.6625,0.1726,0.0079,0.1961,1.6635,0.0007,0.5906,0.1508
15-Nov-96 ,0.7900,0.0321,0.7825,0.6629,0.1726,0.0079,0.1962,1.6651,0.0007,0.5910,0.1509
18-Nov-96 ,0.7920,0.0323,0.7896,0.6665,0.1734,0.0079,0.1971,1.6701,0.0007,0.5943,0.1515
19-Nov-96 ,0.7943,0.0323,0.7874,0.6647,0.1731,0.0079,0.1967,1.6769,0.0007,0.5928,0.1510
20-Nov-96 ,0.7998,0.0324,0.7907,0.6683,0.1740,0.0079,0.1976,1.6784,0.0007,0.5958,0.1516
21-Nov-96 ,0.8113,0.0324,0.7895,0.6676,0.1737,0.0079,0.1969,1.6891,0.0007,0.5951,0.1512
22-Nov-96 ,0.8125,0.0322,0.7878,0.6648,0.1732,0.0079,0.1961,1.6803,0.0007,0.5926,0.1513
25-Nov-96 ,0.8120,0.0319,0.7776,0.6570,0.1712,0.0078,0.1940,1.6687,0.0007,0.5860,0.1504
26-Nov-96 ,0.8117,0.0318,0.7747,0.6556,0.1708,0.0078,0.1933,1.6733,0.0007,0.5845,0.1498
27-Nov-96 ,0.8113,0.0318,0.7740,0.6545,0.1705,0.0078,0.1932,1.6767,0.0007,0.5835,0.1498
28-Nov-96 ,0.8108,0.0317,0.7719,0.6523,0.1700,0.0077,0.1923,1.6807,0.0007,0.5822,0.1494
29-Nov-96 ,0.8140,0.0316,0.7674,0.6504,0.1697,0.0077,0.1914,1.6823,0.0007,0.5801,0.1490
02-Dec-96 ,0.8183,0.0314,0.7609,0.6478,0.1693,0.0077,0.1910,1.6843,0.0007,0.5774,0.1486
03-Dec-96 ,0.7968,0.0310,0.7521,0.6389,0.1672,0.0076,0.1890,1.6401,0.0007,0.5698,0.1470
04-Dec-96 ,0.7980,0.0309,0.7558,0.6401,0.1672,0.0076,0.1894,1.6396,0.0007,0.5706,0.1470
05-Dec-96 ,0.7983,0.0313,0.7613,0.6442,0.1676,0.0077,0.1906,1.6271,0.0007,0.5745,0.1468
06-Dec-96 ,0.7965,0.0314,0.7609,0.6463,0.1688,0.0077,0.1913,1.6421,0.0007,0.5760,0.1469
09-Dec-96 ,0.8038,0.0311,0.7536,0.6422,0.1678,0.0076,0.1901,1.6471,0.0007,0.5725,0.1460
10-Dec-96 ,0.8023,0.0312,0.7530,0.6435,0.1681,0.0077,0.1903,1.6507,0.0007,0.5734,0.1464
11-Dec-96 ,0.7911,0.0315,0.7629,0.6498,0.1693,0.0077,0.1920,1.6595,0.0007,0.5793,0.1474
12-Dec-96 ,0.7919,0.0314,0.7611,0.6479,0.1692,0.0077,0.1916,1.6576,0.0007,0.5779,0.1470
13-Dec-96 ,0.7923,0.0314,0.7596,0.6470,0.1688,0.0077,0.1918,1.6607,0.0007,0.5765,0.1472
16-Dec-96 ,0.7935,0.0312,0.7539,0.6440,0.1683,0.0077,0.1909,1.6627,0.0007,0.5741,0.1463
17-Dec-96 ,0.7959,0.0314,0.7569,0.6470,0.1690,0.0077,0.1917,1.6721,0.0007,0.5766,0.1466
18-Dec-96 ,0.7910,0.0312,0.7509,0.6434,0.1682,0.0076,0.1904,1.6727,0.0007,0.5734,0.1461
19-Dec-96 ,0.7940,0.0312,0.7491,0.6429,0.1677,0.0076,0.1905,1.6620,0.0007,0.5737,0.1462
20-Dec-96 ,0.7945,0.0313,0.7502,0.6449,0.1685,0.0077,0.1908,1.6672,0.0007,0.5749,0.1466
23-Dec-96 ,0.7973,0.0312,0.7478,0.6426,0.1680,0.0076,0.1904,1.6710,0.0007,0.5726,0.1456
24-Dec-96 ,0.7964,0.0312,0.7437,0.6427,0.1679,0.0076,0.1904,1.6725,0.0007,0.5729,0.1456
27-Dec-96 ,0.7953,0.0312,0.7410,0.6429,0.1681,0.0076,0.1906,1.6915,0.0007,0.5725,0.1456
30-Dec-96 ,0.7960,0.0311,0.7399,0.6419,0.1678,0.0076,0.1904,1.6905,0.0007,0.5720,0.1452
31-Dec-96 ,0.7945,0.0315,0.7471,0.6498,0.1698,0.0077,0.1928,1.7125,0.0007,0.5786,0.1466
02-Jan-97 ,0.7900,0.0315,0.7444,0.6487,0.1698,0.0077,0.1925,1.6865,0.0007,0.5780,0.1455
03-Jan-97 ,0.7915,0.0311,0.7356,0.6395,0.1681,0.0076,0.1893,1.6905,0.0007,0.5701,0.1443
06-Jan-97 ,0.7887,0.0310,0.7364,0.6380,0.1670,0.0076,0.1890,1.6855,0.0006,0.5685,0.1437
07-Jan-97 ,0.7893,0.0311,0.7384,0.6398,0.1678,0.0076,0.1894,1.6951,0.0007,0.5701,0.1435
08-Jan-97 ,0.7800,0.0308,0.7325,0.6344,0.1663,0.0075,0.1878,1.6885,0.0006,0.5652,0.1432
09-Jan-97 ,0.7785,0.0307,0.7310,0.6336,0.1664,0.0075,0.1879,1.6947,0.0007,0.5649,0.1442
10-Jan-97 ,0.7817,0.0306,0.7270,0.6306,0.1657,0.0076,0.1870,1.6817,0.0006,0.5618,0.1446
13-Jan-97 ,0.7785,0.0305,0.7245,0.6286,0.1650,0.0075,0.1863,1.6725,0.0006,0.5596,0.1439
14-Jan-97 ,0.7811,0.0304,0.7267,0.6273,0.1644,0.0075,0.1858,1.6701,0.0006,0.5582,0.1436
15-Jan-97 ,0.7770,0.0305,0.7285,0.6283,0.1649,0.0075,0.1862,1.6783,0.0006,0.5593,0.1439
16-Jan-97 ,0.7795,0.0304,0.7260,0.6269,0.1644,0.0075,0.1858,1.6767,0.0006,0.5577,0.1439
17-Jan-97 ,0.7806,0.0301,0.7166,0.6202,0.1627,0.0074,0.1839,1.6707,0.0006,0.5521,0.1421
20-Jan-97 ,0.7788,0.0298,0.7083,0.6154,0.1615,0.0074,0.1825,1.6603,0.0006,0.5478,0.1411
21-Jan-97 ,0.7775,0.0299,0.7072,0.6158,0.1613,0.0074,0.1826,1.6637,0.0006,0.5480,0.1413
22-Jan-97 ,0.7753,0.0296,0.7010,0.6109,0.1601,0.0073,0.1811,1.6537,0.0006,0.5435,0.1398
23-Jan-97 ,0.7720,0.0296,0.7031,0.6097,0.1597,0.0073,0.1809,1.6295,0.0006,0.5430,0.1375
24-Jan-97 ,0.7725,0.0297,0.7105,0.6133,0.1613,0.0073,0.1819,1.6279,0.0006,0.5459,0.1385
27-Jan-97 ,0.7723,0.0295,0.7027,0.6088,0.1598,0.0072,0.1807,1.6235,0.0006,0.5423,0.1377
28-Jan-97 ,0.7693,0.0294,0.7004,0.6067,0.1590,0.0072,0.1798,1.6161,0.0006,0.5403,0.1370
30-Jan-97 ,0.7658,0.0296,0.7028,0.6110,0.1602,0.0072,0.1810,1.6095,0.0006,0.5441,0.1384
31-Jan-97 ,0.7622,0.0296,0.7038,0.6112,0.1601,0.0072,0.1811,1.6023,0.0006,0.5436,0.1382
03-Feb-97 ,0.7673,0.0296,0.7050,0.6095,0.1598,0.0072,0.1804,1.6146,0.0006,0.5428,0.1372
04-Feb-97 ,0.7632,0.0295,0.7013,0.6082,0.1595,0.0072,0.1800,1.6207,0.0006,0.5418,0.1367
05-Feb-97 ,0.7613,0.0294,0.6998,0.6067,0.1592,0.0072,0.1797,1.6377,0.0006,0.5405,0.1356
06-Feb-97 ,0.7650,0.0293,0.7014,0.6055,0.1586,0.0072,0.1794,1.6351,0.0006,0.5391,0.1353
07-Feb-97 ,0.7614,0.0290,0.6923,0.5972,0.1568,0.0071,0.1770,1.6230,0.0006,0.5320,0.1347
10-Feb-97 ,0.7580,0.0293,0.7014,0.6038,0.1583,0.0071,0.1789,1.6387,0.0006,0.5378,0.1360
11-Feb-97 ,0.7585,0.0290,0.6969,0.5984,0.1569,0.0071,0.1771,1.6445,0.0006,0.5328,0.1351
12-Feb-97 ,0.7590,0.0288,0.6905,0.5939,0.1558,0.0070,0.1759,1.6335,0.0006,0.5290,0.1351
13-Feb-97 ,0.7678,0.0287,0.6881,0.5928,0.1556,0.0070,0.1756,1.6243,0.0006,0.5284,0.1350
14-Feb-97 ,0.7655,0.0287,0.6839,0.5933,0.1556,0.0070,0.1758,1.6211,0.0006,0.5282,0.1357
17-Feb-97 ,0.7670,0.0285,0.6752,0.5887,0.1545,0.0070,0.1745,1.6181,0.0006,0.5249,0.1348
18-Feb-97 ,0.7655,0.0287,0.6802,0.5926,0.1554,0.0070,0.1754,1.6031,0.0006,0.5276,0.1347
19-Feb-97 ,0.7670,0.0286,0.6722,0.5896,0.1545,0.0070,0.1745,1.6139,0.0006,0.5249,0.1339
20-Feb-97 ,0.7702,0.0287,0.6776,0.5930,0.1554,0.0070,0.1756,1.6111,0.0006,0.5282,0.1349
21-Feb-97 ,0.7776,0.0288,0.6796,0.5921,0.1552,0.0070,0.1754,1.6155,0.0006,0.5264,0.1347
24-Feb-97 ,0.7793,0.0290,0.6863,0.5978,0.1567,0.0071,0.1772,1.6335,0.0006,0.5316,0.1354
25-Feb-97 ,0.7770,0.0289,0.6831,0.5963,0.1564,0.0070,0.1768,1.6327,0.0006,0.5304,0.1346
26-Feb-97 ,0.7748,0.0287,0.6773,0.5928,0.1553,0.0070,0.1758,1.6335,0.0006,0.5271,0.1340
27-Feb-97 ,0.7783,0.0287,0.6780,0.5927,0.1554,0.0070,0.1756,1.6291,0.0006,0.5271,0.1339
28-Feb-97 ,0.7768,0.0287,0.6784,0.5927,0.1554,0.0070,0.1756,1.6291,0.0006,0.5270,0.1334
03-Mar-97 ,0.7864,0.0285,0.6761,0.5891,0.1545,0.0069,0.1745,1.6177,0.0006,0.5240,0.1318
04-Mar-97 ,0.7903,0.0283,0.6722,0.5837,0.1530,0.0069,0.1730,1.6163,0.0006,0.5189,0.1303
05-Mar-97 ,0.7845,0.0283,0.6752,0.5838,0.1530,0.0069,0.1730,1.6110,0.0006,0.5189,0.1306
06-Mar-97 ,0.7870,0.0283,0.6729,0.5827,0.1528,0.0069,0.1728,1.6133,0.0006,0.5175,0.1305
07-Mar-97 ,0.7890,0.0282,0.6735,0.5819,0.1526,0.0069,0.1726,1.6035,0.0006,0.5165,0.1299
10-Mar-97 ,0.7878,0.0285,0.6786,0.5872,0.1540,0.0069,0.1741,1.6009,0.0006,0.5218,0.1315
11-Mar-97 ,0.7927,0.0284,0.6796,0.5872,0.1539,0.0069,0.1741,1.6060,0.0006,0.5217,0.1310
12-Mar-97 ,0.7943,0.0285,0.6826,0.5875,0.1540,0.0069,0.1742,1.5927,0.0006,0.5223,0.1300
13-Mar-97 ,0.7928,0.0284,0.6826,0.5863,0.1537,0.0069,0.1739,1.5970,0.0006,0.5212,0.1301
14-Mar-97 ,0.7983,0.0286,0.6865,0.5902,0.1547,0.0069,0.1748,1.6025,0.0006,0.5248,0.1289
17-Mar-97 ,0.7940,0.0287,0.6856,0.5916,0.1549,0.0070,0.1754,1.5901,0.0006,0.5259,0.1293
18-Mar-97 ,0.7865,0.0290,0.6950,0.5977,0.1565,0.0070,0.1770,1.5895,0.0006,0.5309,0.1301
19-Mar-97 ,0.7863,0.0288,0.6913,0.5941,0.1557,0.0070,0.1761,1.5981,0.0006,0.5279,0.1302
20-Mar-97 ,0.7874,0.0287,0.6899,0.5919,0.1553,0.0070,0.1755,1.5942,0.0006,0.5257,0.1306
21-Mar-97 ,0.7867,0.0287,0.6864,0.5921,0.1554,0.0070,0.1755,1.6017,0.0006,0.5266,0.1310
24-Mar-97 ,0.7873,0.0287,0.6858,0.5923,0.1555,0.0070,0.1757,1.6170,0.0006,0.5271,0.1312
25-Mar-97 ,0.7823,0.0286,0.6822,0.5911,0.1551,0.0070,0.1752,1.6172,0.0006,0.5256,0.1303
26-Mar-97 ,0.7830,0.0286,0.6826,0.5912,0.1551,0.0070,0.1754,1.6280,0.0006,0.5256,0.1310
27-Mar-97 ,0.7821,0.0289,0.6899,0.5973,0.1566,0.0070,0.1772,1.6315,0.0006,0.5306,0.1322
31-Mar-97 ,0.7840,0.0291,0.6953,0.5998,0.1573,0.0071,0.1782,1.6452,0.0006,0.5332,0.1328
01-Apr-97 ,0.7879,0.0290,0.6933,0.5985,0.1571,0.0071,0.1778,1.6488,0.0006,0.5323,0.1316
02-Apr-97 ,0.7847,0.0289,0.6928,0.5969,0.1566,0.0070,0.1772,1.6425,0.0006,0.5305,0.1308
03-Apr-97 ,0.7791,0.0290,0.6977,0.5992,0.1572,0.0071,0.1778,1.6455,0.0006,0.5323,0.1316
04-Apr-97 ,0.7758,0.0289,0.6940,0.5954,0.1561,0.0070,0.1767,1.6380,0.0006,0.5286,0.1314
07-Apr-97 ,0.7762,0.0284,0.6828,0.5854,0.1537,0.0069,0.1739,1.6278,0.0006,0.5203,0.1297
08-Apr-97 ,0.7810,0.0283,0.6804,0.5845,0.1535,0.0069,0.1738,1.6235,0.0006,0.5199,0.1306
09-Apr-97 ,0.7835,0.0281,0.6772,0.5796,0.1523,0.0069,0.1723,1.6215,0.0006,0.5159,0.1298
10-Apr-97 ,0.7815,0.0282,0.6803,0.5821,0.1528,0.0069,0.1730,1.6235,0.0006,0.5176,0.1300
11-Apr-97 ,0.7857,0.0281,0.6825,0.5803,0.1523,0.0069,0.1724,1.6246,0.0006,0.5161,0.1301
14-Apr-97 ,0.7808,0.0281,0.6809,0.5800,0.1523,0.0069,0.1725,1.6227,0.0006,0.5158,0.1310
15-Apr-97 ,0.7760,0.0280,0.6804,0.5768,0.1515,0.0069,0.1716,1.6267,0.0006,0.5132,0.1297
16-Apr-97 ,0.7715,0.0280,0.6798,0.5785,0.1520,0.0069,0.1721,1.6245,0.0006,0.5148,0.1296
17-Apr-97 ,0.7737,0.0281,0.6812,0.5800,0.1523,0.0069,0.1724,1.6313,0.0006,0.5160,0.1294
18-Apr-97 ,0.7741,0.0283,0.6851,0.5841,0.1530,0.0069,0.1733,1.6320,0.0006,0.5192,0.1303
21-Apr-97 ,0.7763,0.0284,0.6913,0.5872,0.1541,0.0070,0.1740,1.6352,0.0006,0.5222,0.1310
22-Apr-97 ,0.7783,0.0283,0.6854,0.5834,0.1531,0.0069,0.1728,1.6366,0.0006,0.5189,0.1301
23-Apr-97 ,0.7764,0.0283,0.6844,0.5841,0.1532,0.0069,0.1731,1.6221,0.0006,0.5189,0.1309
24-Apr-97 ,0.7752,0.0283,0.6846,0.5830,0.1530,0.0069,0.1728,1.6255,0.0006,0.5183,0.1303
25-Apr-97 ,0.7768,0.0281,0.6807,0.5793,0.1521,0.0069,0.1716,1.6238,0.0006,0.5151,0.1285
28-Apr-97 ,0.7800,0.0281,0.6807,0.5786,0.1520,0.0069,0.1716,1.6235,0.0006,0.5144,0.1284
29-Apr-97 ,0.7813,0.0281,0.6817,0.5799,0.1523,0.0069,0.1719,1.6326,0.0006,0.5156,0.1278
30-Apr-97 ,0.7797,0.0280,0.6790,0.5775,0.1516,0.0068,0.1713,1.6205,0.0006,0.5132,0.1274
01-May-97 ,0.7841,0.0282,0.6810,0.5812,0.1527,0.0069,0.1724,1.6242,0.0006,0.5166,0.1283
02-May-97 ,0.7838,0.0281,0.6807,0.5789,0.1520,0.0069,0.1718,1.6223,0.0006,0.5149,0.1278
05-May-97 ,0.7803,0.0280,0.6777,0.5772,0.1516,0.0068,0.1712,1.6203,0.0006,0.5136,0.1264
06-May-97 ,0.7773,0.0281,0.6842,0.5806,0.1525,0.0069,0.1720,1.6375,0.0006,0.5164,0.1280
07-May-97 ,0.7763,0.0281,0.6845,0.5809,0.1526,0.0069,0.1722,1.6371,0.0006,0.5164,0.1290
08-May-97 ,0.7802,0.0284,0.6924,0.5856,0.1539,0.0069,0.1736,1.6201,0.0006,0.5206,0.1297
09-May-97 ,0.7784,0.0288,0.7032,0.5940,0.1559,0.0070,0.1756,1.6212,0.0006,0.5280,0.1306
12-May-97 ,0.7785,0.0284,0.6952,0.5871,0.1541,0.0069,0.1742,1.6237,0.0006,0.5217,0.1300
13-May-97 ,0.7772,0.0285,0.6956,0.5893,0.1548,0.0070,0.1750,1.6321,0.0006,0.5238,0.1306
14-May-97 ,0.7781,0.0285,0.6949,0.5882,0.1545,0.0070,0.1747,1.6403,0.0006,0.5231,0.1314
15-May-97 ,0.7768,0.0285,0.6980,0.5885,0.1546,0.0070,0.1748,1.6387,0.0006,0.5236,0.1316
16-May-97 ,0.7753,0.0286,0.7044,0.5907,0.1551,0.0070,0.1753,1.6377,0.0006,0.5253,0.1313
20-May-97 ,0.7743,0.0286,0.7108,0.5902,0.1549,0.0070,0.1753,1.6445,0.0006,0.5246,0.1320
21-May-97 ,0.7840,0.0286,0.7115,0.5912,0.1552,0.0070,0.1756,1.6465,0.0006,0.5259,0.1327
22-May-97 ,0.7793,0.0286,0.7072,0.5898,0.1549,0.0070,0.1753,1.6265,0.0006,0.5248,0.1317
23-May-97 ,0.7648,0.0287,0.7120,0.5914,0.1553,0.0070,0.1755,1.6330,0.0006,0.5261,0.1317
26-May-97 ,0.7670,0.0287,0.7143,0.5917,0.1554,0.0070,0.1753,1.6405,0.0006,0.5263,0.1311
27-May-97 ,0.7643,0.0285,0.7057,0.5874,0.1545,0.0070,0.1743,1.6287,0.0006,0.5230,0.1307
28-May-97 ,0.7637,0.0286,0.7052,0.5908,0.1551,0.0070,0.1746,1.6379,0.0006,0.5248,0.1303
29-May-97 ,0.7642,0.0285,0.7083,0.5886,0.1545,0.0069,0.1742,1.6407,0.0006,0.5230,0.1296
30-May-97 ,0.7623,0.0283,0.7060,0.5850,0.1537,0.0069,0.1731,1.6357,0.0006,0.5203,0.1291
02-Jun-97 ,0.7582,0.0281,0.6993,0.5793,0.1521,0.0069,0.1718,1.6343,0.0006,0.5149,0.1284
03-Jun-97 ,0.7611,0.0280,0.6954,0.5785,0.1519,0.0069,0.1716,1.6361,0.0006,0.5143,0.1292
04-Jun-97 ,0.7586,0.0280,0.6908,0.5772,0.1516,0.0068,0.1713,1.6279,0.0006,0.5131,0.1291
05-Jun-97 ,0.7613,0.0280,0.6904,0.5782,0.1519,0.0068,0.1714,1.6334,0.0006,0.5140,0.1290
06-Jun-97 ,0.7603,0.0280,0.6882,0.5786,0.1519,0.0068,0.1712,1.6286,0.0006,0.5139,0.1283
09-Jun-97 ,0.7615,0.0284,0.6956,0.5854,0.1537,0.0069,0.1732,1.6353,0.0006,0.5204,0.1287
10-Jun-97 ,0.7618,0.0282,0.6929,0.5817,0.1528,0.0069,0.1720,1.6385,0.0006,0.5171,0.1282
11-Jun-97 ,0.7580,0.0282,0.6962,0.5827,0.1530,0.0069,0.1723,1.6373,0.0006,0.5177,0.1287
12-Jun-97 ,0.7530,0.0281,0.6940,0.5795,0.1523,0.0069,0.1717,1.6360,0.0006,0.5158,0.1286
13-Jun-97 ,0.7515,0.0279,0.6908,0.5751,0.1510,0.0068,0.1704,1.6360,0.0006,0.5111,0.1286
16-Jun-97 ,0.7487,0.0280,0.6943,0.5777,0.1518,0.0068,0.1713,1.6368,0.0006,0.5137,0.1287
17-Jun-97 ,0.7493,0.0279,0.6914,0.5770,0.1515,0.0068,0.1710,1.6389,0.0006,0.5127,0.1288
18-Jun-97 ,0.7509,0.0280,0.6902,0.5770,0.1516,0.0068,0.1711,1.6383,0.0006,0.5131,0.1293
19-Jun-97 ,0.7498,0.0281,0.6962,0.5800,0.1523,0.0069,0.1718,1.6483,0.0006,0.5153,0.1297
20-Jun-97 ,0.7525,0.0280,0.6944,0.5781,0.1518,0.0069,0.1713,1.6545,0.0006,0.5140,0.1293
23-Jun-97 ,0.7526,0.0282,0.6981,0.5813,0.1526,0.0069,0.1723,1.6687,0.0006,0.5168,0.1300
24-Jun-97 ,0.7513,0.0281,0.6947,0.5796,0.1522,0.0069,0.1716,1.6643,0.0006,0.5150,0.1293
25-Jun-97 ,0.7515,0.0281,0.6952,0.5795,0.1521,0.0069,0.1717,1.6634,0.0006,0.5148,0.1300
26-Jun-97 ,0.7511,0.0281,0.6953,0.5789,0.1519,0.0068,0.1716,1.6667,0.0006,0.5143,0.1298
27-Jun-97 ,0.7461,0.0279,0.6901,0.5757,0.1512,0.0068,0.1706,1.6617,0.0006,0.5114,0.1296
30-Jun-97 ,0.7553,0.0278,0.6847,0.5735,0.1506,0.0068,0.1702,1.6653,0.0006,0.5094,0.1293
02-Jul-97 ,0.7528,0.0277,0.6790,0.5697,0.1498,0.0068,0.1691,1.6663,0.0006,0.5069,0.1287
03-Jul-97 ,0.7538,0.0277,0.6819,0.5717,0.1501,0.0068,0.1696,1.6892,0.0006,0.5079,0.1296
04-Jul-97 ,0.7483,0.0276,0.6803,0.5686,0.1494,0.0067,0.1688,1.6861,0.0006,0.5054,0.1294
07-Jul-97 ,0.7438,0.0277,0.6853,0.5719,0.1502,0.0068,0.1696,1.6870,0.0006,0.5081,0.1295
08-Jul-97 ,0.7473,0.0275,0.6825,0.5687,0.1493,0.0067,0.1686,1.6885,0.0006,0.5051,0.1286
09-Jul-97 ,0.7450,0.0275,0.6850,0.5677,0.1490,0.0067,0.1681,1.6841,0.0006,0.5043,0.1295
10-Jul-97 ,0.7430,0.0276,0.6901,0.5709,0.1498,0.0068,0.1689,1.6887,0.0006,0.5070,0.1295
11-Jul-97 ,0.7405,0.0274,0.6859,0.5647,0.1483,0.0067,0.1673,1.6943,0.0006,0.5019,0.1291
14-Jul-97 ,0.7363,0.0270,0.6798,0.5594,0.1465,0.0066,0.1657,1.6901,0.0006,0.4971,0.1282
15-Jul-97 ,0.7348,0.0269,0.6761,0.5549,0.1456,0.0066,0.1643,1.6767,0.0006,0.4931,0.1274
16-Jul-97 ,0.7357,0.0269,0.6744,0.5560,0.1459,0.0066,0.1646,1.6745,0.0006,0.4938,0.1276
17-Jul-97 ,0.7359,0.0270,0.6749,0.5582,0.1465,0.0066,0.1652,1.6753,0.0006,0.4955,0.1285
18-Jul-97 ,0.7428,0.0271,0.6797,0.5590,0.1469,0.0066,0.1655,1.6783,0.0006,0.4969,0.1288
21-Jul-97 ,0.7413,0.0270,0.6780,0.5568,0.1463,0.0066,0.1650,1.6777,0.0006,0.4947,0.1289
22-Jul-97 ,0.7395,0.0266,0.6755,0.5499,0.1445,0.0065,0.1633,1.6739,0.0006,0.4887,0.1279
23-Jul-97 ,0.7370,0.0266,0.6742,0.5484,0.1440,0.0065,0.1626,1.6775,0.0006,0.4867,0.1280
24-Jul-97 ,0.7378,0.0265,0.6664,0.5464,0.1435,0.0065,0.1622,1.6733,0.0006,0.4855,0.1267
25-Jul-97 ,0.7373,0.0264,0.6611,0.5451,0.1431,0.0065,0.1617,1.6643,0.0006,0.4839,0.1272
28-Jul-97 ,0.7348,0.0262,0.6587,0.5416,0.1422,0.0064,0.1606,1.6285,0.0006,0.4807,0.1258
29-Jul-97 ,0.7453,0.0264,0.6597,0.5452,0.1433,0.0065,0.1617,1.6285,0.0006,0.4842,0.1258
30-Jul-97 ,0.7448,0.0264,0.6601,0.5454,0.1430,0.0065,0.1618,1.6314,0.0006,0.4837,0.1253
31-Jul-97 ,0.7453,0.0264,0.6605,0.5432,0.1427,0.0064,0.1611,1.6409,0.0006,0.4834,0.1253
01-Aug-97 ,0.7396,0.0260,0.6558,0.5368,0.1409,0.0064,0.1592,1.6351,0.0006,0.4767,0.1246
05-Aug-97 ,0.7396,0.0258,0.6511,0.5316,0.1396,0.0063,0.1576,1.6253,0.0005,0.4725,0.1237
06-Aug-97 ,0.7363,0.0258,0.6531,0.5318,0.1397,0.0063,0.1575,1.6013,0.0005,0.4724,0.1241
07-Aug-97 ,0.7338,0.0259,0.6538,0.5352,0.1405,0.0063,0.1587,1.5880,0.0005,0.4747,0.1243
08-Aug-97 ,0.7340,0.0262,0.6636,0.5415,0.1422,0.0064,0.1608,1.5852,0.0006,0.4808,0.1265
11-Aug-97 ,0.7375,0.0261,0.6565,0.5386,0.1414,0.0064,0.1598,1.5900,0.0006,0.4780,0.1252
12-Aug-97 ,0.7383,0.0259,0.6544,0.5358,0.1406,0.0063,0.1590,1.5774,0.0005,0.4746,0.1247
13-Aug-97 ,0.7447,0.0264,0.6620,0.5450,0.1432,0.0064,0.1617,1.5822,0.0006,0.4840,0.1249
14-Aug-97 ,0.7428,0.0262,0.6580,0.5428,0.1425,0.0064,0.1609,1.5868,0.0006,0.4818,0.1244
15-Aug-97 ,0.7430,0.0265,0.6640,0.5487,0.1440,0.0065,0.1628,1.6090,0.0006,0.4872,0.1256
